,time,open,high,low,close,volume,date
0,1598174640000.0,11599.01,11599.38,11594.25,11595.38,16.47041,2020-08-23 09:24:00
1,1598174700000.0,11595.38,11595.39,11594.34,11595.0,9.910169,2020-08-23 09:25:00
2,1598174760000.0,11595.0,11598.11,11594.96,11597.52,16.190758,2020-08-23 09:26:00
3,1598174820000.0,11597.42,11599.31,11596.79,11596.8,16.543293,2020-08-23 09:27:00
4,1598174880000.0,11596.8,11596.8,11594.87,11595.63,6.327496,2020-08-23 09:28:00
5,1598174940000.0,11595.63,11596.57,11594.47,11594.47,32.042368,2020-08-23 09:29:00
6,1598175000000.0,11594.47,11594.47,11581.75,11581.76,22.584524,2020-08-23 09:30:00
7,1598175060000.0,11581.75,11587.87,11581.0,11587.53,18.008953,2020-08-23 09:31:00
8,1598175120000.0,11587.53,11587.67,11585.28,11587.32,8.571327,2020-08-23 09:32:00
9,1598175180000.0,11587.33,11587.85,11587.32,11587.67,9.677926,2020-08-23 09:33:00
10,1598175240000.0,11587.67,11591.46,11587.53,11587.95,21.627619,2020-08-23 09:34:00
11,1598175300000.0,11587.94,11597.0,11587.81,11595.16,18.432863,2020-08-23 09:35:00
12,1598175360000.0,11595.16,11599.01,11594.4,11599.0,14.769132,2020-08-23 09:36:00
13,1598175420000.0,11599.0,11599.01,11597.73,11599.01,19.955564,2020-08-23 09:37:00
14,1598175480000.0,11599.01,11600.66,11599.0,11600.66,14.905066,2020-08-23 09:38:00
15,1598175540000.0,11600.58,11600.59,11599.58,11600.02,8.14096,2020-08-23 09:39:00
16,1598175600000.0,11600.02,11600.79,11596.77,11599.33,16.209477,2020-08-23 09:40:00
17,1598175660000.0,11599.62,11599.83,11598.96,11598.99,6.37366,2020-08-23 09:41:00
18,1598175720000.0,11598.98,11599.38,11595.17,11597.17,17.454274,2020-08-23 09:42:00
19,1598175780000.0,11597.17,11598.19,11596.94,11598.17,11.077628,2020-08-23 09:43:00
20,1598175840000.0,11598.17,11600.61,11598.17,11599.13,20.593582,2020-08-23 09:44:00
21,1598175900000.0,11599.36,11603.94,11599.36,11601.77,27.29456,2020-08-23 09:45:00
22,1598175960000.0,11601.78,11603.22,11600.0,11601.87,20.030727,2020-08-23 09:46:00
23,1598176020000.0,11601.87,11601.88,11595.03,11596.84,27.619768,2020-08-23 09:47:00
24,1598176080000.0,11596.84,11596.85,11592.5,11592.87,13.553426,2020-08-23 09:48:00
25,1598176140000.0,11592.87,11592.88,11585.27,11587.63,19.149048,2020-08-23 09:49:00
26,1598176200000.0,11587.71,11592.28,11587.59,11590.43,14.958491,2020-08-23 09:50:00
27,1598176260000.0,11590.44,11591.54,11587.98,11588.1,25.445153,2020-08-23 09:51:00
28,1598176320000.0,11588.1,11591.29,11587.53,11588.95,17.558442,2020-08-23 09:52:00
29,1598176380000.0,11588.94,11592.68,11587.69,11588.0,14.377471,2020-08-23 09:53:00
30,1598176440000.0,11588.0,11589.85,11585.01,11589.48,18.726147,2020-08-23 09:54:00
31,1598176500000.0,11589.48,11591.82,11586.17,11588.88,18.04028,2020-08-23 09:55:00
32,1598176560000.0,11589.06,11589.06,11582.25,11588.76,15.998302,2020-08-23 09:56:00
33,1598176620000.0,11588.76,11588.77,11582.66,11587.33,13.505202,2020-08-23 09:57:00
34,1598176680000.0,11587.33,11591.11,11587.13,11589.73,19.410808,2020-08-23 09:58:00
35,1598176740000.0,11589.73,11589.73,11588.23,11588.24,14.556941,2020-08-23 09:59:00
36,1598176800000.0,11588.22,11588.23,11583.3,11583.76,23.012712,2020-08-23 10:00:00
37,1598176860000.0,11583.77,11588.27,11583.76,11588.26,9.370392,2020-08-23 10:01:00
38,1598176920000.0,11588.27,11588.27,11584.26,11584.91,19.581953,2020-08-23 10:02:00
39,1598176980000.0,11584.91,11584.93,11581.28,11584.21,25.579496,2020-08-23 10:03:00
40,1598177040000.0,11584.29,11584.29,11573.85,11574.86,28.305778,2020-08-23 10:04:00
41,1598177100000.0,11574.86,11579.68,11574.56,11576.17,30.163862,2020-08-23 10:05:00
42,1598177160000.0,11576.01,11576.01,11572.46,11572.7,21.978613,2020-08-23 10:06:00
43,1598177220000.0,11572.71,11578.86,11571.8,11577.42,21.989021,2020-08-23 10:07:00
44,1598177280000.0,11577.42,11578.48,11568.25,11572.17,33.931993,2020-08-23 10:08:00
45,1598177340000.0,11572.16,11572.17,11568.97,11569.48,13.885987,2020-08-23 10:09:00
46,1598177400000.0,11569.48,11572.24,11568.68,11570.02,13.287907,2020-08-23 10:10:00
47,1598177460000.0,11570.02,11573.3,11567.08,11567.09,41.018138,2020-08-23 10:11:00
48,1598177520000.0,11567.09,11570.9,11564.49,11569.25,32.64217,2020-08-23 10:12:00
49,1598177580000.0,11569.24,11569.24,11564.12,11564.13,11.950952,2020-08-23 10:13:00
50,1598177640000.0,11564.13,11564.13,11557.4,11560.58,38.425326,2020-08-23 10:14:00
51,1598177700000.0,11560.46,11568.5,11556.2,11566.59,44.251303,2020-08-23 10:15:00
52,1598177760000.0,11566.59,11569.4,11562.58,11565.4,28.78557,2020-08-23 10:16:00
53,1598177820000.0,11565.41,11567.3,11563.85,11565.86,19.287842,2020-08-23 10:17:00
54,1598177880000.0,11565.85,11572.96,11565.02,11572.39,24.811339,2020-08-23 10:18:00
55,1598177940000.0,11572.4,11572.4,11567.32,11568.42,14.557024,2020-08-23 10:19:00
56,1598178000000.0,11568.42,11568.43,11563.64,11567.96,21.051725,2020-08-23 10:20:00
57,1598178060000.0,11567.95,11569.99,11567.95,11569.99,16.265423,2020-08-23 10:21:00
58,1598178120000.0,11569.99,11571.68,11569.99,11570.48,11.278838,2020-08-23 10:22:00
59,1598178180000.0,11570.48,11572.4,11569.06,11569.07,22.521557,2020-08-23 10:23:00
60,1598178240000.0,11569.06,11569.92,11568.46,11569.11,9.597821,2020-08-23 10:24:00
61,1598178300000.0,11569.12,11569.12,11566.74,11567.67,13.20813,2020-08-23 10:25:00
62,1598178360000.0,11567.67,11569.22,11567.0,11567.05,20.688632,2020-08-23 10:26:00
63,1598178420000.0,11567.04,11568.54,11563.29,11564.27,15.102523,2020-08-23 10:27:00
64,1598178480000.0,11564.27,11564.28,11561.89,11562.32,13.655049,2020-08-23 10:28:00
65,1598178540000.0,11562.32,11562.33,11557.4,11558.27,24.369801,2020-08-23 10:29:00
66,1598178600000.0,11558.27,11562.1,11557.95,11560.96,15.576336,2020-08-23 10:30:00
67,1598178660000.0,11560.96,11564.94,11560.0,11563.78,14.868868,2020-08-23 10:31:00
68,1598178720000.0,11563.78,11566.93,11561.79,11562.33,15.785771,2020-08-23 10:32:00
69,1598178780000.0,11562.26,11565.4,11562.26,11565.4,15.309414,2020-08-23 10:33:00
70,1598178840000.0,11565.4,11567.04,11565.4,11566.98,13.013812,2020-08-23 10:34:00
71,1598178900000.0,11566.99,11566.99,11560.37,11562.97,27.735363,2020-08-23 10:35:00
72,1598178960000.0,11562.98,11566.76,11562.9,11565.35,18.460589,2020-08-23 10:36:00
73,1598179020000.0,11565.36,11566.0,11562.41,11565.04,32.056812,2020-08-23 10:37:00
74,1598179080000.0,11565.04,11568.6,11564.33,11567.52,18.372747,2020-08-23 10:38:00
75,1598179140000.0,11567.92,11568.53,11562.01,11563.23,25.238092,2020-08-23 10:39:00
76,1598179200000.0,11563.26,11565.7,11560.0,11560.0,30.235936,2020-08-23 10:40:00
77,1598179260000.0,11560.0,11560.01,11557.39,11557.94,22.479824,2020-08-23 10:41:00
78,1598179320000.0,11557.93,11561.18,11555.62,11558.75,36.693783,2020-08-23 10:42:00
79,1598179380000.0,11558.74,11558.74,11552.57,11554.39,33.812466,2020-08-23 10:43:00
80,1598179440000.0,11554.39,11556.61,11548.35,11554.61,53.528184,2020-08-23 10:44:00
81,1598179500000.0,11554.61,11554.61,11547.0,11550.01,49.158045,2020-08-23 10:45:00
82,1598179560000.0,11550.0,11554.42,11547.23,11547.24,35.584115,2020-08-23 10:46:00
83,1598179620000.0,11547.25,11554.1,11546.6,11547.05,41.661099,2020-08-23 10:47:00
84,1598179680000.0,11547.0,11547.26,11529.0,11535.35,180.962162,2020-08-23 10:48:00
85,1598179740000.0,11535.35,11539.95,11533.88,11535.82,43.529554,2020-08-23 10:49:00
86,1598179800000.0,11535.69,11536.73,11529.0,11529.64,42.314226,2020-08-23 10:50:00
87,1598179860000.0,11529.64,11529.91,11524.0,11524.79,63.328618,2020-08-23 10:51:00
88,1598179920000.0,11524.57,11529.72,11524.56,11527.96,42.623403,2020-08-23 10:52:00
89,1598179980000.0,11527.96,11529.27,11525.17,11525.24,29.798527,2020-08-23 10:53:00
90,1598180040000.0,11525.24,11526.94,11525.0,11525.83,35.279889,2020-08-23 10:54:00
91,1598180100000.0,11525.83,11529.9,11525.78,11528.01,47.180475,2020-08-23 10:55:00
92,1598180160000.0,11528.01,11529.3,11526.36,11526.37,32.12613,2020-08-23 10:56:00
93,1598180220000.0,11526.37,11529.31,11519.12,11519.12,90.596955,2020-08-23 10:57:00
94,1598180280000.0,11519.36,11525.81,11518.69,11522.63,59.471943,2020-08-23 10:58:00
95,1598180340000.0,11522.61,11529.32,11520.74,11528.7,47.696481,2020-08-23 10:59:00
96,1598180400000.0,11528.71,11544.64,11525.95,11544.01,69.692722,2020-08-23 11:00:00
97,1598180460000.0,11543.87,11547.69,11542.11,11546.17,74.267994,2020-08-23 11:01:00
98,1598180520000.0,11546.17,11547.42,11541.14,11542.14,52.786189,2020-08-23 11:02:00
99,1598180580000.0,11542.14,11543.32,11538.0,11542.56,50.239187,2020-08-23 11:03:00
100,1598180640000.0,11542.56,11542.56,11539.32,11540.92,31.55543,2020-08-23 11:04:00
101,1598180700000.0,11540.91,11540.92,11534.3,11534.3,31.893533,2020-08-23 11:05:00
102,1598180760000.0,11534.31,11534.77,11533.42,11533.56,21.436276,2020-08-23 11:06:00
103,1598180820000.0,11533.56,11536.76,11532.24,11535.67,26.66066,2020-08-23 11:07:00
104,1598180880000.0,11535.67,11535.68,11525.88,11526.66,36.553725,2020-08-23 11:08:00
105,1598180940000.0,11526.66,11527.28,11524.46,11524.47,22.088367,2020-08-23 11:09:00
106,1598181000000.0,11524.47,11527.92,11521.18,11521.53,37.346947,2020-08-23 11:10:00
107,1598181060000.0,11521.54,11529.65,11521.53,11527.71,40.42689,2020-08-23 11:11:00
108,1598181120000.0,11527.72,11534.29,11527.71,11532.25,39.888856,2020-08-23 11:12:00
109,1598181180000.0,11532.25,11535.01,11531.32,11534.21,33.003413,2020-08-23 11:13:00
110,1598181240000.0,11534.22,11535.0,11532.47,11534.88,24.940608,2020-08-23 11:14:00
111,1598181300000.0,11534.88,11542.47,11533.86,11541.17,31.257262,2020-08-23 11:15:00
112,1598181360000.0,11541.17,11541.7,11538.09,11541.67,27.585079,2020-08-23 11:16:00
113,1598181420000.0,11541.66,11544.55,11539.46,11542.06,34.860756,2020-08-23 11:17:00
114,1598181480000.0,11542.05,11542.07,11540.8,11541.14,29.237514,2020-08-23 11:18:00
115,1598181540000.0,11541.13,11543.71,11541.12,11542.97,13.319806,2020-08-23 11:19:00
116,1598181600000.0,11542.87,11542.97,11538.77,11540.86,28.957399,2020-08-23 11:20:00
117,1598181660000.0,11540.85,11542.93,11540.85,11541.85,12.765617,2020-08-23 11:21:00
118,1598181720000.0,11541.84,11541.85,11537.54,11537.54,14.208224,2020-08-23 11:22:00
119,1598181780000.0,11537.54,11539.87,11536.77,11537.34,23.423468,2020-08-23 11:23:00
120,1598181840000.0,11537.34,11537.71,11535.25,11535.25,14.107338,2020-08-23 11:24:00
121,1598181900000.0,11535.26,11536.45,11533.5,11533.94,15.946897,2020-08-23 11:25:00
122,1598181960000.0,11533.95,11539.66,11533.5,11536.08,28.184954,2020-08-23 11:26:00
123,1598182020000.0,11536.08,11536.08,11534.46,11535.53,10.636661,2020-08-23 11:27:00
124,1598182080000.0,11535.25,11535.53,11533.2,11534.83,13.976365,2020-08-23 11:28:00
125,1598182140000.0,11534.84,11535.18,11532.66,11535.18,16.667534,2020-08-23 11:29:00
126,1598182200000.0,11535.18,11541.05,11535.17,11538.78,35.291774,2020-08-23 11:30:00
127,1598182260000.0,11538.98,11544.43,11537.7,11544.16,19.879336,2020-08-23 11:31:00
128,1598182320000.0,11544.17,11547.49,11543.0,11547.05,21.542189,2020-08-23 11:32:00
129,1598182380000.0,11547.06,11554.42,11547.05,11554.05,31.877602,2020-08-23 11:33:00
130,1598182440000.0,11554.04,11554.42,11550.01,11552.35,20.03278,2020-08-23 11:34:00
131,1598182500000.0,11552.36,11552.36,11547.0,11549.96,18.089822,2020-08-23 11:35:00
132,1598182560000.0,11549.97,11550.92,11548.94,11548.95,7.144359,2020-08-23 11:36:00
133,1598182620000.0,11548.94,11548.98,11545.07,11545.82,17.138915,2020-08-23 11:37:00
134,1598182680000.0,11545.82,11547.46,11544.61,11545.81,36.814739,2020-08-23 11:38:00
135,1598182740000.0,11545.81,11552.89,11545.8,11548.75,23.716185,2020-08-23 11:39:00
136,1598182800000.0,11548.74,11548.74,11548.56,11548.56,14.053869,2020-08-23 11:40:00
137,1598182860000.0,11548.57,11548.57,11536.43,11536.44,37.984383,2020-08-23 11:41:00
138,1598182920000.0,11536.44,11538.51,11533.63,11534.75,18.396688,2020-08-23 11:42:00
139,1598182980000.0,11534.76,11534.78,11527.95,11529.03,51.769808,2020-08-23 11:43:00
140,1598183040000.0,11529.03,11530.37,11526.24,11526.79,34.793044,2020-08-23 11:44:00
141,1598183100000.0,11526.79,11526.8,11523.7,11523.7,32.167954,2020-08-23 11:45:00
142,1598183160000.0,11523.7,11523.7,11519.91,11521.24,62.584806,2020-08-23 11:46:00
143,1598183220000.0,11521.23,11526.03,11518.12,11526.03,35.590187,2020-08-23 11:47:00
144,1598183280000.0,11525.82,11537.26,11525.6,11535.96,26.996857,2020-08-23 11:48:00
145,1598183340000.0,11535.95,11537.46,11534.42,11536.62,20.644196,2020-08-23 11:49:00
146,1598183400000.0,11536.62,11537.23,11534.65,11534.65,12.368855,2020-08-23 11:50:00
147,1598183460000.0,11534.65,11538.65,11533.68,11537.4,16.810366,2020-08-23 11:51:00
148,1598183520000.0,11537.36,11540.01,11536.56,11538.64,11.798676,2020-08-23 11:52:00
149,1598183580000.0,11538.65,11538.65,11537.41,11538.16,16.091142,2020-08-23 11:53:00
150,1598183640000.0,11538.16,11538.17,11536.16,11536.75,21.004498,2020-08-23 11:54:00
151,1598183700000.0,11536.74,11536.75,11522.45,11523.94,44.69675,2020-08-23 11:55:00
152,1598183760000.0,11523.96,11526.74,11517.54,11519.14,49.583489,2020-08-23 11:56:00
153,1598183820000.0,11519.59,11523.53,11514.13,11521.91,68.005078,2020-08-23 11:57:00
154,1598183880000.0,11521.91,11531.57,11521.08,11529.82,28.948639,2020-08-23 11:58:00
155,1598183940000.0,11529.83,11529.83,11526.11,11526.53,14.900773,2020-08-23 11:59:00
156,1598184000000.0,11526.54,11535.12,11521.43,11533.72,57.031655,2020-08-23 12:00:00
157,1598184060000.0,11533.73,11534.93,11527.89,11534.08,25.605862,2020-08-23 12:01:00
158,1598184120000.0,11534.08,11542.12,11534.07,11540.49,25.467407,2020-08-23 12:02:00
159,1598184180000.0,11540.53,11542.99,11537.13,11542.99,24.58071,2020-08-23 12:03:00
160,1598184240000.0,11542.99,11546.82,11541.2,11546.45,14.477836,2020-08-23 12:04:00
161,1598184300000.0,11546.45,11553.33,11546.45,11553.32,27.157519,2020-08-23 12:05:00
162,1598184360000.0,11553.32,11555.94,11553.32,11555.55,19.812898,2020-08-23 12:06:00
163,1598184420000.0,11555.55,11555.74,11553.65,11554.65,17.454787,2020-08-23 12:07:00
164,1598184480000.0,11554.66,11555.39,11550.39,11551.26,33.553228,2020-08-23 12:08:00
165,1598184540000.0,11551.27,11551.35,11545.66,11545.82,32.26214,2020-08-23 12:09:00
166,1598184600000.0,11545.83,11546.07,11541.16,11544.28,22.716958,2020-08-23 12:10:00
167,1598184660000.0,11544.69,11548.2,11543.49,11545.71,33.139025,2020-08-23 12:11:00
168,1598184720000.0,11545.7,11546.8,11544.64,11545.0,21.111933,2020-08-23 12:12:00
169,1598184780000.0,11545.01,11545.74,11543.14,11543.57,14.304143,2020-08-23 12:13:00
170,1598184840000.0,11543.57,11547.41,11543.13,11544.85,20.874876,2020-08-23 12:14:00
171,1598184900000.0,11544.84,11550.0,11544.07,11550.0,23.349742,2020-08-23 12:15:00
172,1598184960000.0,11549.99,11556.18,11549.0,11553.38,31.851037,2020-08-23 12:16:00
173,1598185020000.0,11552.94,11556.64,11551.15,11556.28,11.084239,2020-08-23 12:17:00
174,1598185080000.0,11556.28,11563.68,11556.2,11558.68,36.033673,2020-08-23 12:18:00
175,1598185140000.0,11558.67,11558.89,11556.85,11558.19,18.030994,2020-08-23 12:19:00
176,1598185200000.0,11558.19,11558.19,11547.18,11548.33,29.050767,2020-08-23 12:20:00
177,1598185260000.0,11548.33,11552.8,11546.9,11551.27,19.775942,2020-08-23 12:21:00
178,1598185320000.0,11551.26,11551.27,11547.53,11547.66,14.443785,2020-08-23 12:22:00
179,1598185380000.0,11547.67,11549.91,11543.11,11543.5,24.541722,2020-08-23 12:23:00
180,1598185440000.0,11543.5,11544.61,11542.9,11544.38,11.201946,2020-08-23 12:24:00
181,1598185500000.0,11544.38,11546.06,11544.38,11545.15,13.269279,2020-08-23 12:25:00
182,1598185560000.0,11545.15,11545.44,11542.4,11543.34,22.673254,2020-08-23 12:26:00
183,1598185620000.0,11543.35,11548.43,11543.35,11543.96,12.230219,2020-08-23 12:27:00
184,1598185680000.0,11543.85,11547.69,11542.74,11547.68,20.493355,2020-08-23 12:28:00
185,1598185740000.0,11547.69,11548.66,11543.88,11545.58,35.123639,2020-08-23 12:29:00
186,1598185800000.0,11545.57,11547.36,11544.72,11546.31,28.458842,2020-08-23 12:30:00
187,1598185860000.0,11546.31,11551.01,11546.3,11549.93,19.187176,2020-08-23 12:31:00
188,1598185920000.0,11549.96,11552.0,11549.92,11551.88,20.747871,2020-08-23 12:32:00
189,1598185980000.0,11551.88,11552.23,11550.01,11550.01,19.595361,2020-08-23 12:33:00
190,1598186040000.0,11550.02,11550.02,11539.75,11539.75,29.990653,2020-08-23 12:34:00
191,1598186100000.0,11539.75,11543.12,11537.84,11538.18,30.108947,2020-08-23 12:35:00
192,1598186160000.0,11538.17,11538.18,11533.77,11533.93,30.158079,2020-08-23 12:36:00
193,1598186220000.0,11533.92,11534.3,11532.46,11534.29,28.446378,2020-08-23 12:37:00
194,1598186280000.0,11534.3,11537.96,11534.29,11537.96,17.093353,2020-08-23 12:38:00
195,1598186340000.0,11537.96,11537.96,11537.44,11537.45,6.893728,2020-08-23 12:39:00
196,1598186400000.0,11537.44,11543.67,11537.44,11542.42,17.447556,2020-08-23 12:40:00
197,1598186460000.0,11542.42,11542.42,11537.86,11539.51,31.078922,2020-08-23 12:41:00
198,1598186520000.0,11539.51,11544.56,11539.49,11543.7,7.957715,2020-08-23 12:42:00
199,1598186580000.0,11543.71,11545.17,11543.69,11544.29,17.037155,2020-08-23 12:43:00
200,1598186640000.0,11544.29,11549.84,11543.73,11547.93,10.808763,2020-08-23 12:44:00
201,1598186700000.0,11548.15,11549.83,11544.31,11544.71,13.927272,2020-08-23 12:45:00
202,1598186760000.0,11544.71,11544.83,11540.72,11541.57,13.476778,2020-08-23 12:46:00
203,1598186820000.0,11541.58,11550.74,11541.57,11550.53,16.843801,2020-08-23 12:47:00
204,1598186880000.0,11550.53,11553.78,11550.53,11553.77,29.956879,2020-08-23 12:48:00
205,1598186940000.0,11553.78,11555.63,11553.78,11554.23,14.137329,2020-08-23 12:49:00
206,1598187000000.0,11554.24,11556.2,11551.8,11555.17,20.916986,2020-08-23 12:50:00
207,1598187060000.0,11555.17,11558.74,11554.43,11558.55,21.424198,2020-08-23 12:51:00
208,1598187120000.0,11558.54,11561.35,11558.12,11561.35,33.470047,2020-08-23 12:52:00
209,1598187180000.0,11561.35,11561.92,11556.6,11558.11,31.904322,2020-08-23 12:53:00
210,1598187240000.0,11558.11,11558.8,11553.64,11553.72,22.454818,2020-08-23 12:54:00
211,1598187300000.0,11554.0,11554.41,11550.66,11551.53,26.506163,2020-08-23 12:55:00
212,1598187360000.0,11551.43,11551.43,11548.4,11548.52,26.535568,2020-08-23 12:56:00
213,1598187420000.0,11548.51,11552.01,11548.49,11552.01,14.161672,2020-08-23 12:57:00
214,1598187480000.0,11552.01,11561.48,11552.0,11560.43,13.864404,2020-08-23 12:58:00
215,1598187540000.0,11560.43,11561.99,11559.98,11561.0,14.353978,2020-08-23 12:59:00
216,1598187600000.0,11560.99,11561.0,11560.29,11560.5,19.742635,2020-08-23 13:00:00
217,1598187660000.0,11560.5,11564.01,11560.5,11563.05,27.821483,2020-08-23 13:01:00
218,1598187720000.0,11563.16,11568.54,11563.16,11568.53,32.290346,2020-08-23 13:02:00
219,1598187780000.0,11568.54,11570.72,11566.96,11566.96,22.541996,2020-08-23 13:03:00
220,1598187840000.0,11566.96,11567.5,11563.84,11567.43,27.533573,2020-08-23 13:04:00
221,1598187900000.0,11567.42,11567.49,11562.13,11562.13,24.670229,2020-08-23 13:05:00
222,1598187960000.0,11562.41,11564.51,11558.7,11561.24,41.24697,2020-08-23 13:06:00
223,1598188020000.0,11561.23,11561.24,11558.0,11558.01,17.22082,2020-08-23 13:07:00
224,1598188080000.0,11558.0,11560.16,11554.22,11555.28,17.598605,2020-08-23 13:08:00
225,1598188140000.0,11555.28,11558.65,11552.22,11555.27,24.826612,2020-08-23 13:09:00
226,1598188200000.0,11555.4,11556.73,11555.4,11555.97,10.285276,2020-08-23 13:10:00
227,1598188260000.0,11555.98,11557.71,11555.26,11555.26,9.064264,2020-08-23 13:11:00
228,1598188320000.0,11555.26,11555.91,11553.95,11555.28,15.63523,2020-08-23 13:12:00
229,1598188380000.0,11555.28,11560.91,11555.08,11558.2,23.062543,2020-08-23 13:13:00
230,1598188440000.0,11558.19,11558.2,11554.74,11554.75,18.054682,2020-08-23 13:14:00
231,1598188500000.0,11554.75,11555.32,11551.04,11551.04,36.802324,2020-08-23 13:15:00
232,1598188560000.0,11551.04,11553.4,11550.23,11551.85,12.324623,2020-08-23 13:16:00
233,1598188620000.0,11551.85,11551.86,11547.27,11547.27,9.019027,2020-08-23 13:17:00
234,1598188680000.0,11547.27,11552.78,11547.26,11549.6,17.409177,2020-08-23 13:18:00
235,1598188740000.0,11549.61,11551.72,11548.04,11551.05,21.386487,2020-08-23 13:19:00
236,1598188800000.0,11551.21,11551.33,11548.86,11549.13,10.038459,2020-08-23 13:20:00
237,1598188860000.0,11549.13,11553.89,11549.12,11553.47,12.967929,2020-08-23 13:21:00
238,1598188920000.0,11553.47,11553.47,11552.76,11553.43,7.898451,2020-08-23 13:22:00
239,1598188980000.0,11553.44,11558.67,11553.43,11558.67,8.000946,2020-08-23 13:23:00
240,1598189040000.0,11558.27,11566.01,11558.05,11565.9,17.366443,2020-08-23 13:24:00
241,1598189100000.0,11565.9,11570.0,11565.89,11570.0,18.053571,2020-08-23 13:25:00
242,1598189160000.0,11570.0,11572.43,11566.19,11572.21,33.04978,2020-08-23 13:26:00
243,1598189220000.0,11572.21,11587.15,11571.03,11587.15,48.681214,2020-08-23 13:27:00
244,1598189280000.0,11587.23,11615.0,11587.23,11614.99,210.889611,2020-08-23 13:28:00
245,1598189340000.0,11614.98,11631.62,11611.95,11630.35,84.472273,2020-08-23 13:29:00
246,1598189400000.0,11630.36,11644.99,11629.99,11642.01,74.645927,2020-08-23 13:30:00
247,1598189460000.0,11642.02,11669.89,11642.02,11642.02,227.360343,2020-08-23 13:31:00
248,1598189520000.0,11642.17,11650.51,11636.85,11640.01,46.524701,2020-08-23 13:32:00
249,1598189580000.0,11640.0,11640.0,11628.28,11629.35,43.931917,2020-08-23 13:33:00
250,1598189640000.0,11629.34,11651.38,11628.7,11647.13,112.613753,2020-08-23 13:34:00
251,1598189700000.0,11647.4,11655.01,11641.32,11641.78,54.561405,2020-08-23 13:35:00
252,1598189760000.0,11641.79,11650.0,11635.76,11649.99,42.414293,2020-08-23 13:36:00
253,1598189820000.0,11650.0,11658.79,11641.98,11644.76,50.600608,2020-08-23 13:37:00
254,1598189880000.0,11644.76,11650.01,11638.27,11650.0,50.672372,2020-08-23 13:38:00
255,1598189940000.0,11650.0,11650.01,11634.01,11634.02,53.738112,2020-08-23 13:39:00
256,1598190000000.0,11634.02,11641.0,11632.01,11634.84,49.807101,2020-08-23 13:40:00
257,1598190060000.0,11634.84,11639.76,11629.29,11634.05,55.278863,2020-08-23 13:41:00
258,1598190120000.0,11634.06,11635.0,11629.21,11630.36,32.953852,2020-08-23 13:42:00
259,1598190180000.0,11630.36,11630.36,11622.16,11624.47,41.101389,2020-08-23 13:43:00
260,1598190240000.0,11624.47,11624.47,11617.87,11618.23,37.308325,2020-08-23 13:44:00
261,1598190300000.0,11618.23,11618.23,11604.31,11605.71,60.599876,2020-08-23 13:45:00
262,1598190360000.0,11605.7,11610.65,11591.0,11605.92,102.547121,2020-08-23 13:46:00
263,1598190420000.0,11605.91,11618.08,11600.96,11600.97,57.907693,2020-08-23 13:47:00
264,1598190480000.0,11600.9,11605.82,11589.0,11604.7,45.255251,2020-08-23 13:48:00
265,1598190540000.0,11604.71,11605.69,11592.2,11592.62,46.164384,2020-08-23 13:49:00
266,1598190600000.0,11592.62,11593.76,11574.16,11574.84,54.339004,2020-08-23 13:50:00
267,1598190660000.0,11575.18,11589.81,11574.87,11587.67,39.55583,2020-08-23 13:51:00
268,1598190720000.0,11588.24,11589.2,11576.21,11580.07,27.873978,2020-08-23 13:52:00
269,1598190780000.0,11580.08,11585.85,11574.08,11582.64,35.713881,2020-08-23 13:53:00
270,1598190840000.0,11582.64,11586.62,11580.72,11585.36,24.763076,2020-08-23 13:54:00
271,1598190900000.0,11585.36,11593.87,11585.36,11589.28,14.772249,2020-08-23 13:55:00
272,1598190960000.0,11589.28,11590.16,11575.0,11575.0,22.685168,2020-08-23 13:56:00
273,1598191020000.0,11575.0,11579.32,11570.0,11578.87,44.893412,2020-08-23 13:57:00
274,1598191080000.0,11578.86,11587.95,11573.06,11587.95,42.135556,2020-08-23 13:58:00
275,1598191140000.0,11587.95,11591.99,11583.2,11591.62,27.855206,2020-08-23 13:59:00
276,1598191200000.0,11591.62,11592.04,11580.24,11580.62,33.925772,2020-08-23 14:00:00
277,1598191260000.0,11580.62,11590.82,11580.0,11583.63,21.8366,2020-08-23 14:01:00
278,1598191320000.0,11583.63,11598.46,11583.63,11596.02,37.334985,2020-08-23 14:02:00
279,1598191380000.0,11596.01,11598.54,11592.94,11598.19,17.636397,2020-08-23 14:03:00
280,1598191440000.0,11597.66,11606.37,11596.03,11606.37,57.758926,2020-08-23 14:04:00
281,1598191500000.0,11606.36,11609.0,11604.66,11605.95,40.323132,2020-08-23 14:05:00
282,1598191560000.0,11605.96,11608.58,11604.48,11608.58,36.454786,2020-08-23 14:06:00
283,1598191620000.0,11608.57,11608.7,11608.52,11608.7,17.529401,2020-08-23 14:07:00
284,1598191680000.0,11608.7,11609.96,11603.94,11603.94,33.420829,2020-08-23 14:08:00
285,1598191740000.0,11603.93,11603.95,11601.13,11602.47,16.311855,2020-08-23 14:09:00
286,1598191800000.0,11602.46,11603.14,11600.02,11600.39,29.407479,2020-08-23 14:10:00
287,1598191860000.0,11600.38,11600.44,11597.75,11598.25,23.020245,2020-08-23 14:11:00
288,1598191920000.0,11598.25,11619.01,11598.25,11615.09,55.704624,2020-08-23 14:12:00
289,1598191980000.0,11615.32,11619.63,11613.7,11617.87,24.203963,2020-08-23 14:13:00
290,1598192040000.0,11617.86,11618.87,11614.0,11614.01,30.752947,2020-08-23 14:14:00
291,1598192100000.0,11614.0,11618.34,11614.0,11614.0,20.317399,2020-08-23 14:15:00
292,1598192160000.0,11614.01,11614.27,11605.17,11605.83,23.434232,2020-08-23 14:16:00
293,1598192220000.0,11605.83,11610.01,11605.83,11609.62,37.763754,2020-08-23 14:17:00
294,1598192280000.0,11609.63,11609.63,11605.95,11607.2,7.935332,2020-08-23 14:18:00
295,1598192340000.0,11607.2,11609.56,11603.67,11608.95,17.059047,2020-08-23 14:19:00
296,1598192400000.0,11608.94,11620.0,11608.94,11619.45,18.158114,2020-08-23 14:20:00
297,1598192460000.0,11619.44,11620.0,11609.58,11615.47,42.293628,2020-08-23 14:21:00
298,1598192520000.0,11615.47,11617.19,11613.16,11616.85,20.876055,2020-08-23 14:22:00
299,1598192580000.0,11616.85,11616.85,11606.62,11609.71,25.583496,2020-08-23 14:23:00
300,1598192640000.0,11609.7,11612.01,11605.76,11606.32,15.220289,2020-08-23 14:24:00
301,1598192700000.0,11606.33,11606.56,11598.01,11599.89,44.499944,2020-08-23 14:25:00
302,1598192760000.0,11599.88,11599.88,11595.98,11598.49,26.239417,2020-08-23 14:26:00
303,1598192820000.0,11598.49,11600.56,11596.68,11597.39,18.521434,2020-08-23 14:27:00
304,1598192880000.0,11597.39,11602.33,11595.67,11602.2,19.585444,2020-08-23 14:28:00
305,1598192940000.0,11602.2,11610.0,11599.13,11609.99,28.982366,2020-08-23 14:29:00
306,1598193000000.0,11609.99,11618.96,11609.99,11615.93,17.72506,2020-08-23 14:30:00
307,1598193060000.0,11615.93,11615.94,11609.58,11611.83,17.267687,2020-08-23 14:31:00
308,1598193120000.0,11611.82,11612.8,11602.8,11602.8,14.533877,2020-08-23 14:32:00
309,1598193180000.0,11602.81,11606.58,11600.21,11600.22,18.5367,2020-08-23 14:33:00
310,1598193240000.0,11600.22,11604.86,11599.9,11600.75,18.00984,2020-08-23 14:34:00
311,1598193300000.0,11600.74,11601.44,11595.49,11600.8,21.437595,2020-08-23 14:35:00
312,1598193360000.0,11600.8,11600.81,11598.07,11598.07,14.016924,2020-08-23 14:36:00
313,1598193420000.0,11598.08,11601.72,11598.01,11601.06,22.001484,2020-08-23 14:37:00
314,1598193480000.0,11601.06,11601.06,11595.04,11596.88,19.742916,2020-08-23 14:38:00
315,1598193540000.0,11596.85,11602.96,11596.84,11602.93,12.474023,2020-08-23 14:39:00
316,1598193600000.0,11602.93,11610.69,11602.3,11610.63,15.262779,2020-08-23 14:40:00
317,1598193660000.0,11610.63,11611.31,11596.67,11597.54,23.185876,2020-08-23 14:41:00
318,1598193720000.0,11597.54,11602.81,11596.67,11597.01,27.058792,2020-08-23 14:42:00
319,1598193780000.0,11597.48,11602.79,11596.64,11601.63,13.150806,2020-08-23 14:43:00
320,1598193840000.0,11601.63,11604.15,11601.2,11603.88,17.227522,2020-08-23 14:44:00
321,1598193900000.0,11603.88,11609.01,11603.87,11609.01,11.664767,2020-08-23 14:45:00
322,1598193960000.0,11609.0,11609.01,11608.07,11608.63,9.592399,2020-08-23 14:46:00
323,1598194020000.0,11608.64,11610.04,11608.54,11610.02,10.783926,2020-08-23 14:47:00
324,1598194080000.0,11610.02,11615.0,11608.48,11613.55,21.851788,2020-08-23 14:48:00
325,1598194140000.0,11613.55,11615.17,11605.25,11605.25,18.615139,2020-08-23 14:49:00
326,1598194200000.0,11605.25,11609.02,11604.99,11609.01,21.093623,2020-08-23 14:50:00
327,1598194260000.0,11609.3,11609.3,11607.7,11609.04,16.892192,2020-08-23 14:51:00
328,1598194320000.0,11609.04,11609.48,11604.8,11606.48,28.788732,2020-08-23 14:52:00
329,1598194380000.0,11606.48,11606.93,11605.41,11606.33,8.818088,2020-08-23 14:53:00
330,1598194440000.0,11606.33,11611.61,11601.04,11610.52,40.290662,2020-08-23 14:54:00
331,1598194500000.0,11610.52,11611.01,11605.61,11605.78,16.844862,2020-08-23 14:55:00
332,1598194560000.0,11605.78,11607.22,11605.78,11606.79,12.621642,2020-08-23 14:56:00
333,1598194620000.0,11606.79,11609.64,11606.78,11609.63,16.945015,2020-08-23 14:57:00
334,1598194680000.0,11609.64,11615.68,11609.64,11615.68,21.925249,2020-08-23 14:58:00
335,1598194740000.0,11615.68,11622.52,11615.68,11620.07,36.431525,2020-08-23 14:59:00
336,1598194800000.0,11620.08,11622.48,11619.24,11622.03,26.212282,2020-08-23 15:00:00
337,1598194860000.0,11622.05,11630.0,11622.05,11629.99,35.189835,2020-08-23 15:01:00
338,1598194920000.0,11630.0,11637.98,11629.99,11633.59,126.680102,2020-08-23 15:02:00
339,1598194980000.0,11633.59,11638.12,11631.66,11636.76,21.048549,2020-08-23 15:03:00
340,1598195040000.0,11636.77,11637.28,11632.53,11633.2,13.786184,2020-08-23 15:04:00
341,1598195100000.0,11633.2,11634.94,11625.3,11627.22,27.947705,2020-08-23 15:05:00
342,1598195160000.0,11627.23,11627.65,11624.58,11626.22,38.247773,2020-08-23 15:06:00
343,1598195220000.0,11626.22,11626.95,11621.61,11622.0,11.883883,2020-08-23 15:07:00
344,1598195280000.0,11622.01,11630.98,11622.01,11629.35,21.808774,2020-08-23 15:08:00
345,1598195340000.0,11629.35,11631.87,11629.31,11631.77,20.322232,2020-08-23 15:09:00
346,1598195400000.0,11631.78,11635.16,11627.62,11634.94,34.857449,2020-08-23 15:10:00
347,1598195460000.0,11634.94,11643.45,11634.84,11638.24,50.976413,2020-08-23 15:11:00
348,1598195520000.0,11638.24,11645.11,11638.11,11642.61,34.09326,2020-08-23 15:12:00
349,1598195580000.0,11642.61,11643.83,11636.29,11636.61,28.268138,2020-08-23 15:13:00
350,1598195640000.0,11636.61,11637.08,11629.21,11629.22,34.752981,2020-08-23 15:14:00
351,1598195700000.0,11629.21,11630.56,11626.57,11626.7,24.091149,2020-08-23 15:15:00
352,1598195760000.0,11626.69,11632.76,11625.12,11631.16,56.545708,2020-08-23 15:16:00
353,1598195820000.0,11631.16,11643.82,11630.96,11638.96,38.995263,2020-08-23 15:17:00
354,1598195880000.0,11638.96,11642.77,11637.69,11640.93,27.280709,2020-08-23 15:18:00
355,1598195940000.0,11640.93,11643.99,11640.0,11640.88,23.227476,2020-08-23 15:19:00
356,1598196000000.0,11640.88,11644.41,11640.0,11640.61,29.409774,2020-08-23 15:20:00
357,1598196060000.0,11640.61,11640.97,11635.61,11636.65,24.72362,2020-08-23 15:21:00
358,1598196120000.0,11636.64,11642.8,11636.2,11640.32,22.916382,2020-08-23 15:22:00
359,1598196180000.0,11640.32,11640.68,11634.0,11634.85,38.903508,2020-08-23 15:23:00
360,1598196240000.0,11634.84,11636.81,11633.81,11633.93,26.431397,2020-08-23 15:24:00
361,1598196300000.0,11633.94,11637.35,11633.42,11637.34,20.097158,2020-08-23 15:25:00
362,1598196360000.0,11637.35,11639.56,11636.05,11637.16,17.459805,2020-08-23 15:26:00
363,1598196420000.0,11637.17,11638.4,11633.05,11633.44,39.956519,2020-08-23 15:27:00
364,1598196480000.0,11633.43,11634.84,11625.12,11625.76,43.616981,2020-08-23 15:28:00
365,1598196540000.0,11625.77,11626.94,11620.68,11621.96,39.574112,2020-08-23 15:29:00
366,1598196600000.0,11621.97,11628.21,11621.97,11623.91,24.962614,2020-08-23 15:30:00
367,1598196660000.0,11623.89,11626.61,11621.72,11622.49,21.038457,2020-08-23 15:31:00
368,1598196720000.0,11622.48,11624.96,11620.04,11621.04,30.729394,2020-08-23 15:32:00
369,1598196780000.0,11621.16,11624.29,11621.16,11623.92,14.228972,2020-08-23 15:33:00
370,1598196840000.0,11623.92,11629.03,11623.92,11625.99,43.58849,2020-08-23 15:34:00
371,1598196900000.0,11625.99,11630.79,11623.69,11629.07,14.793388,2020-08-23 15:35:00
372,1598196960000.0,11629.07,11632.55,11629.06,11632.55,15.0667,2020-08-23 15:36:00
373,1598197020000.0,11632.55,11634.04,11626.82,11630.39,33.980041,2020-08-23 15:37:00
374,1598197080000.0,11630.24,11634.41,11627.53,11627.92,22.04015,2020-08-23 15:38:00
375,1598197140000.0,11627.94,11628.74,11617.0,11619.29,24.531375,2020-08-23 15:39:00
376,1598197200000.0,11619.44,11619.96,11610.46,11610.47,28.829858,2020-08-23 15:40:00
377,1598197260000.0,11610.47,11622.58,11610.0,11621.93,33.053702,2020-08-23 15:41:00
378,1598197320000.0,11621.93,11624.08,11621.34,11623.11,15.682945,2020-08-23 15:42:00
379,1598197380000.0,11623.11,11635.0,11623.11,11634.99,17.527383,2020-08-23 15:43:00
380,1598197440000.0,11634.99,11636.9,11631.98,11632.74,21.099126,2020-08-23 15:44:00
381,1598197500000.0,11632.74,11637.47,11632.73,11636.93,22.933515,2020-08-23 15:45:00
382,1598197560000.0,11636.93,11638.84,11634.85,11637.45,31.873907,2020-08-23 15:46:00
383,1598197620000.0,11637.46,11638.88,11637.45,11638.88,11.300194,2020-08-23 15:47:00
384,1598197680000.0,11638.88,11645.26,11638.87,11645.17,41.368744,2020-08-23 15:48:00
385,1598197740000.0,11645.17,11645.17,11642.92,11644.46,34.755352,2020-08-23 15:49:00
386,1598197800000.0,11644.45,11644.46,11641.02,11641.13,34.557739,2020-08-23 15:50:00
387,1598197860000.0,11641.13,11641.52,11641.11,11641.42,19.50652,2020-08-23 15:51:00
388,1598197920000.0,11641.41,11649.24,11641.41,11648.5,21.972407,2020-08-23 15:52:00
389,1598197980000.0,11648.5,11656.59,11648.48,11656.18,45.402568,2020-08-23 15:53:00
390,1598198040000.0,11656.18,11656.49,11654.3,11654.47,22.122127,2020-08-23 15:54:00
391,1598198100000.0,11654.47,11657.26,11641.09,11647.17,58.71424,2020-08-23 15:55:00
392,1598198160000.0,11647.18,11650.9,11643.64,11647.82,36.245957,2020-08-23 15:56:00
393,1598198220000.0,11647.82,11654.32,11647.82,11653.27,63.993799,2020-08-23 15:57:00
394,1598198280000.0,11653.27,11653.28,11647.57,11650.26,151.950927,2020-08-23 15:58:00
395,1598198340000.0,11650.25,11654.82,11650.19,11653.25,43.442079,2020-08-23 15:59:00
396,1598198400000.0,11653.26,11659.3,11653.26,11655.86,55.19715,2020-08-23 16:00:00
397,1598198460000.0,11655.85,11658.37,11645.08,11646.87,47.458499,2020-08-23 16:01:00
398,1598198520000.0,11646.87,11646.88,11636.17,11636.75,43.401055,2020-08-23 16:02:00
399,1598198580000.0,11636.75,11645.03,11636.75,11641.67,32.201014,2020-08-23 16:03:00
400,1598198640000.0,11641.67,11641.67,11636.3,11636.48,17.507212,2020-08-23 16:04:00
401,1598198700000.0,11636.47,11642.09,11636.29,11642.09,29.634125,2020-08-23 16:05:00
402,1598198760000.0,11642.08,11644.58,11640.24,11642.66,72.632177,2020-08-23 16:06:00
403,1598198820000.0,11642.67,11646.18,11641.74,11645.95,75.974163,2020-08-23 16:07:00
404,1598198880000.0,11645.95,11648.8,11644.86,11647.1,47.291506,2020-08-23 16:08:00
405,1598198940000.0,11647.24,11649.42,11645.0,11647.1,24.987552,2020-08-23 16:09:00
406,1598199000000.0,11647.09,11647.68,11640.53,11642.27,31.622938,2020-08-23 16:10:00
407,1598199060000.0,11642.26,11647.86,11635.47,11637.56,50.905833,2020-08-23 16:11:00
408,1598199120000.0,11637.78,11638.46,11631.87,11636.75,37.796199,2020-08-23 16:12:00
409,1598199180000.0,11636.74,11636.75,11630.01,11635.58,20.716667,2020-08-23 16:13:00
410,1598199240000.0,11635.58,11635.58,11630.02,11632.84,21.579549,2020-08-23 16:14:00
411,1598199300000.0,11632.85,11633.58,11630.0,11630.64,27.943689,2020-08-23 16:15:00
412,1598199360000.0,11630.55,11637.19,11630.46,11635.64,42.89445,2020-08-23 16:16:00
413,1598199420000.0,11635.63,11637.58,11629.99,11630.0,45.658548,2020-08-23 16:17:00
414,1598199480000.0,11629.99,11630.0,11621.59,11626.29,46.897224,2020-08-23 16:18:00
415,1598199540000.0,11626.28,11629.7,11623.38,11624.18,28.851429,2020-08-23 16:19:00
416,1598199600000.0,11624.19,11628.25,11623.17,11627.92,17.824371,2020-08-23 16:20:00
417,1598199660000.0,11627.93,11633.73,11627.77,11628.82,20.060969,2020-08-23 16:21:00
418,1598199720000.0,11628.83,11633.43,11627.38,11629.49,18.903184,2020-08-23 16:22:00
419,1598199780000.0,11629.49,11629.64,11628.37,11629.39,14.165761,2020-08-23 16:23:00
420,1598199840000.0,11629.39,11629.59,11625.01,11628.99,33.612427,2020-08-23 16:24:00
421,1598199900000.0,11628.98,11635.08,11628.5,11634.97,45.199355,2020-08-23 16:25:00
422,1598199960000.0,11635.08,11638.38,11635.07,11637.05,22.075764,2020-08-23 16:26:00
423,1598200020000.0,11637.05,11637.8,11632.83,11632.95,13.18788,2020-08-23 16:27:00
424,1598200080000.0,11632.95,11634.66,11622.03,11622.25,29.782882,2020-08-23 16:28:00
425,1598200140000.0,11622.24,11625.58,11620.56,11624.4,24.733138,2020-08-23 16:29:00
426,1598200200000.0,11624.4,11625.02,11622.11,11625.02,30.237586,2020-08-23 16:30:00
427,1598200260000.0,11625.02,11628.04,11624.83,11628.03,15.583484,2020-08-23 16:31:00
428,1598200320000.0,11628.03,11629.49,11627.14,11628.88,18.392031,2020-08-23 16:32:00
429,1598200380000.0,11628.89,11628.89,11626.03,11626.03,16.364097,2020-08-23 16:33:00
430,1598200440000.0,11626.03,11626.03,11624.03,11624.04,11.018986,2020-08-23 16:34:00
431,1598200500000.0,11624.05,11627.07,11624.0,11625.14,26.081694,2020-08-23 16:35:00
432,1598200560000.0,11625.14,11634.78,11625.13,11630.88,58.922934,2020-08-23 16:36:00
433,1598200620000.0,11630.97,11632.08,11629.56,11632.08,11.562085,2020-08-23 16:37:00
434,1598200680000.0,11632.07,11632.99,11625.87,11628.93,39.982524,2020-08-23 16:38:00
435,1598200740000.0,11628.92,11630.87,11627.01,11628.37,27.150416,2020-08-23 16:39:00
436,1598200800000.0,11628.37,11628.95,11621.73,11621.74,23.468309,2020-08-23 16:40:00
437,1598200860000.0,11621.74,11628.55,11621.74,11628.54,23.647637,2020-08-23 16:41:00
438,1598200920000.0,11628.55,11629.76,11628.55,11629.48,14.220349,2020-08-23 16:42:00
439,1598200980000.0,11629.47,11633.95,11628.92,11632.69,19.898853,2020-08-23 16:43:00
440,1598201040000.0,11632.69,11646.26,11632.69,11643.12,40.483757,2020-08-23 16:44:00
441,1598201100000.0,11643.12,11643.13,11637.83,11638.61,41.471887,2020-08-23 16:45:00
442,1598201160000.0,11638.61,11639.55,11636.56,11638.01,39.563358,2020-08-23 16:46:00
443,1598201220000.0,11638.0,11638.09,11638.0,11638.0,26.776163,2020-08-23 16:47:00
444,1598201280000.0,11638.0,11640.95,11638.0,11638.01,14.24284,2020-08-23 16:48:00
445,1598201340000.0,11638.01,11638.8,11638.0,11638.61,11.490438,2020-08-23 16:49:00
446,1598201400000.0,11638.6,11638.6,11630.05,11630.1,30.251652,2020-08-23 16:50:00
447,1598201460000.0,11630.1,11630.1,11623.35,11624.81,25.183472,2020-08-23 16:51:00
448,1598201520000.0,11624.82,11626.24,11621.81,11621.81,8.581051,2020-08-23 16:52:00
449,1598201580000.0,11621.81,11621.81,11620.26,11620.36,10.082564,2020-08-23 16:53:00
450,1598201640000.0,11620.36,11634.13,11620.35,11633.89,42.713109,2020-08-23 16:54:00
451,1598201700000.0,11633.89,11635.0,11627.77,11632.89,10.612801,2020-08-23 16:55:00
452,1598201760000.0,11632.89,11633.89,11627.14,11627.15,60.275936,2020-08-23 16:56:00
453,1598201820000.0,11627.15,11636.8,11627.15,11636.18,66.022735,2020-08-23 16:57:00
454,1598201880000.0,11636.18,11637.07,11634.92,11635.64,14.772851,2020-08-23 16:58:00
455,1598201940000.0,11635.63,11637.99,11632.46,11635.98,9.347578,2020-08-23 16:59:00
456,1598202000000.0,11635.98,11637.53,11634.05,11634.4,41.271327,2020-08-23 17:00:00
457,1598202060000.0,11634.39,11635.96,11633.13,11634.73,13.523109,2020-08-23 17:01:00
458,1598202120000.0,11634.66,11635.63,11633.28,11633.63,11.086042,2020-08-23 17:02:00
459,1598202180000.0,11633.63,11633.63,11628.84,11629.18,15.971998,2020-08-23 17:03:00
460,1598202240000.0,11629.18,11629.92,11627.98,11629.77,13.816314,2020-08-23 17:04:00
461,1598202300000.0,11629.76,11633.81,11629.74,11630.32,49.306873,2020-08-23 17:05:00
462,1598202360000.0,11630.32,11635.33,11630.31,11635.17,51.67811,2020-08-23 17:06:00
463,1598202420000.0,11635.17,11644.13,11635.12,11640.13,54.74778,2020-08-23 17:07:00
464,1598202480000.0,11640.13,11643.56,11637.46,11637.47,47.582528,2020-08-23 17:08:00
465,1598202540000.0,11637.47,11640.42,11637.41,11638.03,15.430309,2020-08-23 17:09:00
466,1598202600000.0,11638.03,11639.9,11638.03,11638.19,51.172314,2020-08-23 17:10:00
467,1598202660000.0,11638.19,11639.8,11635.49,11638.55,27.75245,2020-08-23 17:11:00
468,1598202720000.0,11638.55,11639.24,11630.32,11630.32,19.821102,2020-08-23 17:12:00
469,1598202780000.0,11630.32,11632.16,11627.85,11627.85,13.927426,2020-08-23 17:13:00
470,1598202840000.0,11627.86,11627.86,11623.48,11623.61,32.682214,2020-08-23 17:14:00
471,1598202900000.0,11623.61,11627.07,11619.61,11627.07,33.058551,2020-08-23 17:15:00
472,1598202960000.0,11627.07,11629.04,11622.51,11628.31,9.337893,2020-08-23 17:16:00
473,1598203020000.0,11628.31,11630.51,11624.33,11626.19,43.283901,2020-08-23 17:17:00
474,1598203080000.0,11626.19,11631.82,11624.52,11626.8,21.106146,2020-08-23 17:18:00
475,1598203140000.0,11626.81,11635.06,11626.81,11632.39,65.306809,2020-08-23 17:19:00
476,1598203200000.0,11632.72,11637.16,11631.07,11631.07,31.061325,2020-08-23 17:20:00
477,1598203260000.0,11631.07,11635.1,11628.27,11634.37,80.777556,2020-08-23 17:21:00
478,1598203320000.0,11634.37,11637.52,11634.37,11634.55,43.69057,2020-08-23 17:22:00
479,1598203380000.0,11634.55,11642.01,11634.45,11641.98,56.01915,2020-08-23 17:23:00
480,1598203440000.0,11641.98,11643.48,11638.3,11638.89,57.508883,2020-08-23 17:24:00
481,1598203500000.0,11638.89,11644.34,11637.79,11642.53,77.492136,2020-08-23 17:25:00
482,1598203560000.0,11642.54,11644.52,11641.22,11642.26,20.50481,2020-08-23 17:26:00
483,1598203620000.0,11642.25,11646.88,11642.25,11646.88,70.440708,2020-08-23 17:27:00
484,1598203680000.0,11646.87,11646.88,11642.07,11643.52,27.284905,2020-08-23 17:28:00
485,1598203740000.0,11643.52,11649.0,11643.51,11648.99,70.653741,2020-08-23 17:29:00
486,1598203800000.0,11649.0,11649.99,11646.69,11648.8,41.478731,2020-08-23 17:30:00
487,1598203860000.0,11649.35,11652.11,11644.25,11648.93,101.69302,2020-08-23 17:31:00
488,1598203920000.0,11648.93,11651.08,11645.71,11647.08,63.808934,2020-08-23 17:32:00
489,1598203980000.0,11647.08,11652.66,11645.39,11648.09,85.293797,2020-08-23 17:33:00
490,1598204040000.0,11647.63,11650.92,11646.42,11650.61,26.275754,2020-08-23 17:34:00
491,1598204100000.0,11650.61,11654.93,11649.86,11651.31,65.889197,2020-08-23 17:35:00
492,1598204160000.0,11651.31,11655.0,11648.1,11650.28,66.766202,2020-08-23 17:36:00
493,1598204220000.0,11650.29,11653.37,11647.01,11647.18,65.404829,2020-08-23 17:37:00
494,1598204280000.0,11647.19,11647.87,11647.0,11647.01,16.329173,2020-08-23 17:38:00
495,1598204340000.0,11647.01,11647.86,11646.41,11646.42,6.209178,2020-08-23 17:39:00
496,1598204400000.0,11646.42,11651.8,11646.41,11651.57,16.428604,2020-08-23 17:40:00
497,1598204460000.0,11651.69,11656.48,11649.0,11649.67,56.175673,2020-08-23 17:41:00
498,1598204520000.0,11649.67,11651.25,11649.22,11650.87,15.536552,2020-08-23 17:42:00
499,1598204580000.0,11650.88,11651.83,11645.0,11648.68,31.899393,2020-08-23 17:43:00
500,1598204640000.0,11648.69,11650.84,11645.19,11645.46,54.682643,2020-08-23 17:44:00
501,1598204700000.0,11645.46,11651.83,11645.46,11651.22,73.056857,2020-08-23 17:45:00
502,1598204760000.0,11651.22,11651.22,11646.22,11648.87,66.392291,2020-08-23 17:46:00
503,1598204820000.0,11648.88,11651.44,11645.0,11645.0,74.593563,2020-08-23 17:47:00
504,1598204880000.0,11645.01,11649.39,11645.0,11647.99,12.749703,2020-08-23 17:48:00
505,1598204940000.0,11647.9,11648.7,11645.0,11645.0,16.235322,2020-08-23 17:49:00
506,1598205000000.0,11645.0,11646.12,11641.73,11641.73,42.5083,2020-08-23 17:50:00
507,1598205060000.0,11641.84,11642.44,11636.62,11636.63,16.556889,2020-08-23 17:51:00
508,1598205120000.0,11636.63,11637.48,11631.53,11637.28,16.908376,2020-08-23 17:52:00
509,1598205180000.0,11637.28,11637.3,11634.54,11635.37,10.215534,2020-08-23 17:53:00
510,1598205240000.0,11635.38,11635.83,11631.32,11634.14,23.081472,2020-08-23 17:54:00
511,1598205300000.0,11634.13,11634.72,11626.05,11634.19,24.637301,2020-08-23 17:55:00
512,1598205360000.0,11634.2,11635.49,11631.19,11631.19,22.011229,2020-08-23 17:56:00
513,1598205420000.0,11631.19,11633.86,11629.43,11631.48,20.640875,2020-08-23 17:57:00
514,1598205480000.0,11631.71,11635.61,11627.16,11632.78,118.844195,2020-08-23 17:58:00
515,1598205540000.0,11632.78,11634.01,11629.48,11632.75,24.018266,2020-08-23 17:59:00
516,1598205600000.0,11632.74,11635.97,11632.74,11633.91,9.604158,2020-08-23 18:00:00
517,1598205660000.0,11633.92,11635.89,11632.71,11634.27,20.553095,2020-08-23 18:01:00
518,1598205720000.0,11634.28,11638.34,11631.97,11635.6,33.197118,2020-08-23 18:02:00
519,1598205780000.0,11635.61,11640.97,11633.28,11640.35,41.383317,2020-08-23 18:03:00
520,1598205840000.0,11640.34,11642.69,11630.43,11634.01,55.543526,2020-08-23 18:04:00
521,1598205900000.0,11634.02,11638.33,11632.0,11632.0,17.196058,2020-08-23 18:05:00
522,1598205960000.0,11632.01,11632.01,11628.71,11630.4,18.692519,2020-08-23 18:06:00
523,1598206020000.0,11630.4,11631.35,11629.8,11631.05,5.818786,2020-08-23 18:07:00
524,1598206080000.0,11631.06,11632.83,11630.44,11632.5,10.980369,2020-08-23 18:08:00
525,1598206140000.0,11632.49,11634.02,11631.7,11632.21,14.770848,2020-08-23 18:09:00
526,1598206200000.0,11632.23,11634.99,11631.66,11633.76,10.470341,2020-08-23 18:10:00
527,1598206260000.0,11633.76,11634.99,11633.76,11634.19,6.98622,2020-08-23 18:11:00
528,1598206320000.0,11634.2,11634.31,11633.01,11633.77,11.330288,2020-08-23 18:12:00
529,1598206380000.0,11633.77,11640.63,11633.05,11638.5,79.444692,2020-08-23 18:13:00
530,1598206440000.0,11638.51,11646.53,11638.35,11643.14,23.92454,2020-08-23 18:14:00
531,1598206500000.0,11643.15,11643.15,11635.0,11642.09,15.787204,2020-08-23 18:15:00
532,1598206560000.0,11642.08,11647.43,11640.79,11646.99,14.437153,2020-08-23 18:16:00
533,1598206620000.0,11646.99,11647.85,11644.01,11647.24,12.361862,2020-08-23 18:17:00
534,1598206680000.0,11647.24,11649.07,11644.11,11645.08,14.585703,2020-08-23 18:18:00
535,1598206740000.0,11645.07,11649.48,11645.07,11649.17,8.455964,2020-08-23 18:19:00
536,1598206800000.0,11649.18,11651.77,11649.17,11651.12,12.048862,2020-08-23 18:20:00
537,1598206860000.0,11651.13,11658.75,11651.12,11656.14,23.518924,2020-08-23 18:21:00
538,1598206920000.0,11656.14,11658.7,11654.01,11656.99,17.167091,2020-08-23 18:22:00
539,1598206980000.0,11657.0,11658.52,11655.35,11657.15,19.519908,2020-08-23 18:23:00
540,1598207040000.0,11657.15,11658.55,11655.24,11656.63,26.653061,2020-08-23 18:24:00
541,1598207100000.0,11656.63,11658.77,11655.75,11658.54,29.590221,2020-08-23 18:25:00
542,1598207160000.0,11658.53,11658.54,11657.08,11658.02,11.311672,2020-08-23 18:26:00
543,1598207220000.0,11658.03,11660.0,11657.99,11660.0,28.373074,2020-08-23 18:27:00
544,1598207280000.0,11659.99,11671.24,11659.99,11669.1,54.607803,2020-08-23 18:28:00
545,1598207340000.0,11669.09,11671.99,11663.7,11669.69,44.801411,2020-08-23 18:29:00
546,1598207400000.0,11669.66,11676.0,11667.44,11675.99,61.852916,2020-08-23 18:30:00
547,1598207460000.0,11675.98,11676.0,11670.42,11670.69,51.50726,2020-08-23 18:31:00
548,1598207520000.0,11670.69,11678.65,11670.69,11676.23,64.79604,2020-08-23 18:32:00
549,1598207580000.0,11676.24,11676.24,11671.65,11675.0,100.69118,2020-08-23 18:33:00
550,1598207640000.0,11675.0,11676.45,11673.37,11676.44,33.445054,2020-08-23 18:34:00
551,1598207700000.0,11676.45,11677.52,11673.24,11673.9,80.170992,2020-08-23 18:35:00
552,1598207760000.0,11673.9,11676.0,11673.9,11676.0,79.382216,2020-08-23 18:36:00
553,1598207820000.0,11675.99,11676.7,11675.91,11676.69,30.898142,2020-08-23 18:37:00
554,1598207880000.0,11676.69,11676.69,11673.99,11676.58,22.993587,2020-08-23 18:38:00
555,1598207940000.0,11676.58,11676.58,11664.96,11671.84,55.838124,2020-08-23 18:39:00
556,1598208000000.0,11671.85,11674.56,11665.52,11668.57,48.571756,2020-08-23 18:40:00
557,1598208060000.0,11668.67,11668.67,11659.95,11664.76,30.570016,2020-08-23 18:41:00
558,1598208120000.0,11664.76,11665.0,11661.33,11661.34,17.051471,2020-08-23 18:42:00
559,1598208180000.0,11661.34,11662.23,11658.72,11660.2,17.733418,2020-08-23 18:43:00
560,1598208240000.0,11660.2,11662.51,11660.2,11660.93,17.630086,2020-08-23 18:44:00
561,1598208300000.0,11660.92,11662.12,11659.05,11662.12,16.869104,2020-08-23 18:45:00
562,1598208360000.0,11662.11,11662.66,11660.0,11660.56,44.514477,2020-08-23 18:46:00
563,1598208420000.0,11661.12,11661.12,11648.8,11649.21,34.433215,2020-08-23 18:47:00
564,1598208480000.0,11649.22,11660.2,11649.21,11655.68,28.552698,2020-08-23 18:48:00
565,1598208540000.0,11655.68,11658.82,11652.14,11657.7,13.028479,2020-08-23 18:49:00
566,1598208600000.0,11657.69,11660.05,11652.13,11657.55,83.665636,2020-08-23 18:50:00
567,1598208660000.0,11657.56,11658.96,11644.79,11646.01,61.839895,2020-08-23 18:51:00
568,1598208720000.0,11646.01,11651.59,11646.01,11650.55,54.253237,2020-08-23 18:52:00
569,1598208780000.0,11650.55,11651.24,11647.58,11647.58,10.187994,2020-08-23 18:53:00
570,1598208840000.0,11647.9,11650.38,11647.13,11649.51,10.921959,2020-08-23 18:54:00
571,1598208900000.0,11649.55,11650.05,11647.29,11648.0,8.966944,2020-08-23 18:55:00
572,1598208960000.0,11648.0,11655.14,11648.0,11652.08,25.095987,2020-08-23 18:56:00
573,1598209020000.0,11652.09,11664.51,11651.59,11661.96,100.388357,2020-08-23 18:57:00
574,1598209080000.0,11661.99,11662.95,11655.79,11662.73,59.312594,2020-08-23 18:58:00
575,1598209140000.0,11662.73,11665.82,11659.73,11663.79,36.659308,2020-08-23 18:59:00
576,1598209200000.0,11663.79,11666.11,11662.64,11663.53,8.873831,2020-08-23 19:00:00
577,1598209260000.0,11663.37,11668.52,11661.94,11666.03,14.723901,2020-08-23 19:01:00
578,1598209320000.0,11666.02,11666.02,11660.63,11662.35,10.854694,2020-08-23 19:02:00
579,1598209380000.0,11662.35,11669.0,11661.68,11667.67,42.891061,2020-08-23 19:03:00
580,1598209440000.0,11667.67,11667.67,11661.89,11663.44,18.00426,2020-08-23 19:04:00
581,1598209500000.0,11663.44,11663.44,11652.01,11652.53,46.812584,2020-08-23 19:05:00
582,1598209560000.0,11652.53,11658.12,11650.57,11656.86,60.586886,2020-08-23 19:06:00
583,1598209620000.0,11656.85,11658.05,11651.29,11656.04,8.257929,2020-08-23 19:07:00
584,1598209680000.0,11656.04,11657.53,11655.32,11656.63,6.22005,2020-08-23 19:08:00
585,1598209740000.0,11656.64,11656.64,11651.03,11653.0,21.073889,2020-08-23 19:09:00
586,1598209800000.0,11653.12,11666.0,11653.12,11665.97,21.426735,2020-08-23 19:10:00
587,1598209860000.0,11665.97,11670.0,11665.86,11668.02,32.256511,2020-08-23 19:11:00
588,1598209920000.0,11668.02,11674.12,11664.06,11672.64,29.675449,2020-08-23 19:12:00
589,1598209980000.0,11672.65,11674.36,11670.79,11671.11,17.810616,2020-08-23 19:13:00
590,1598210040000.0,11671.11,11677.92,11668.6,11668.61,19.459488,2020-08-23 19:14:00
591,1598210100000.0,11668.6,11672.01,11668.6,11670.94,24.847448,2020-08-23 19:15:00
592,1598210160000.0,11670.94,11671.73,11661.48,11661.94,30.556965,2020-08-23 19:16:00
593,1598210220000.0,11661.95,11663.74,11660.53,11661.6,35.623709,2020-08-23 19:17:00
594,1598210280000.0,11661.6,11671.12,11661.6,11667.73,13.76614,2020-08-23 19:18:00
595,1598210340000.0,11667.73,11669.23,11666.09,11669.13,8.698093,2020-08-23 19:19:00
596,1598210400000.0,11669.17,11671.12,11665.67,11670.43,18.209969,2020-08-23 19:20:00
597,1598210460000.0,11670.55,11671.05,11667.45,11667.56,13.461204,2020-08-23 19:21:00
598,1598210520000.0,11667.73,11670.49,11666.74,11670.14,8.350985,2020-08-23 19:22:00
599,1598210580000.0,11670.13,11671.41,11669.51,11671.17,6.024625,2020-08-23 19:23:00
600,1598210640000.0,11671.18,11672.94,11669.84,11669.95,14.119802,2020-08-23 19:24:00
601,1598210700000.0,11669.95,11671.29,11663.75,11664.95,13.641806,2020-08-23 19:25:00
602,1598210760000.0,11664.95,11667.47,11662.19,11666.63,14.4562,2020-08-23 19:26:00
603,1598210820000.0,11666.62,11666.74,11663.92,11664.94,11.827652,2020-08-23 19:27:00
604,1598210880000.0,11664.88,11671.16,11662.08,11666.34,20.645128,2020-08-23 19:28:00
605,1598210940000.0,11666.33,11673.74,11666.19,11672.98,7.951684,2020-08-23 19:29:00
606,1598211000000.0,11672.97,11677.88,11672.97,11675.37,22.837687,2020-08-23 19:30:00
607,1598211060000.0,11675.36,11678.47,11675.26,11677.64,11.403804,2020-08-23 19:31:00
608,1598211120000.0,11677.64,11679.0,11676.88,11679.0,17.055116,2020-08-23 19:32:00
609,1598211180000.0,11678.99,11680.0,11674.21,11678.85,35.683728,2020-08-23 19:33:00
610,1598211240000.0,11678.92,11682.47,11677.95,11681.61,30.452924,2020-08-23 19:34:00
611,1598211300000.0,11681.61,11693.72,11680.92,11682.19,175.584235,2020-08-23 19:35:00
612,1598211360000.0,11682.39,11683.62,11674.21,11674.92,26.857004,2020-08-23 19:36:00
613,1598211420000.0,11674.91,11683.49,11667.5,11680.35,43.818999,2020-08-23 19:37:00
614,1598211480000.0,11680.06,11680.06,11671.08,11675.0,38.110729,2020-08-23 19:38:00
615,1598211540000.0,11675.0,11677.56,11667.65,11677.56,39.468158,2020-08-23 19:39:00
616,1598211600000.0,11677.56,11679.79,11671.83,11679.21,27.703871,2020-08-23 19:40:00
617,1598211660000.0,11679.28,11693.09,11679.28,11685.68,55.710085,2020-08-23 19:41:00
618,1598211720000.0,11685.67,11685.67,11682.48,11684.88,14.956599,2020-08-23 19:42:00
619,1598211780000.0,11684.88,11686.71,11680.58,11685.02,49.94537,2020-08-23 19:43:00
620,1598211840000.0,11685.23,11686.48,11681.33,11683.44,31.785444,2020-08-23 19:44:00
621,1598211900000.0,11683.44,11692.21,11672.98,11673.64,75.021797,2020-08-23 19:45:00
622,1598211960000.0,11673.63,11680.42,11671.35,11675.95,23.846122,2020-08-23 19:46:00
623,1598212020000.0,11675.94,11679.01,11669.0,11672.0,32.420797,2020-08-23 19:47:00
624,1598212080000.0,11672.0,11675.72,11669.0,11670.1,18.61061,2020-08-23 19:48:00
625,1598212140000.0,11670.1,11679.2,11669.44,11675.87,25.469052,2020-08-23 19:49:00
626,1598212200000.0,11675.86,11681.31,11671.5,11679.29,26.1444,2020-08-23 19:50:00
627,1598212260000.0,11679.28,11684.63,11674.19,11675.88,48.691566,2020-08-23 19:51:00
628,1598212320000.0,11675.89,11681.69,11675.76,11680.22,20.270806,2020-08-23 19:52:00
629,1598212380000.0,11680.23,11680.23,11676.27,11676.28,29.537049,2020-08-23 19:53:00
630,1598212440000.0,11676.28,11676.28,11670.07,11670.91,26.832226,2020-08-23 19:54:00
631,1598212500000.0,11670.91,11676.97,11667.56,11667.85,39.92288,2020-08-23 19:55:00
632,1598212560000.0,11667.85,11669.22,11665.65,11666.61,20.950873,2020-08-23 19:56:00
633,1598212620000.0,11666.61,11669.43,11665.82,11666.23,14.314082,2020-08-23 19:57:00
634,1598212680000.0,11666.22,11679.25,11664.84,11679.22,33.590863,2020-08-23 19:58:00
635,1598212740000.0,11679.22,11686.15,11679.22,11684.97,18.989994,2020-08-23 19:59:00
636,1598212800000.0,11684.98,11708.1,11684.97,11700.88,185.158382,2020-08-23 20:00:00
637,1598212860000.0,11700.89,11711.0,11700.36,11702.36,132.537702,2020-08-23 20:01:00
638,1598212920000.0,11702.25,11708.6,11697.0,11707.41,79.972398,2020-08-23 20:02:00
639,1598212980000.0,11707.81,11709.75,11699.68,11699.68,59.568804,2020-08-23 20:03:00
640,1598213040000.0,11699.68,11703.62,11692.5,11702.92,87.416001,2020-08-23 20:04:00
641,1598213100000.0,11702.91,11707.58,11696.24,11701.54,72.274899,2020-08-23 20:05:00
642,1598213160000.0,11701.66,11707.26,11700.02,11705.41,113.76137,2020-08-23 20:06:00
643,1598213220000.0,11705.5,11714.33,11704.42,11711.9,85.723072,2020-08-23 20:07:00
644,1598213280000.0,11711.9,11713.98,11708.5,11713.82,33.367385,2020-08-23 20:08:00
645,1598213340000.0,11713.82,11718.07,11706.47,11711.29,56.272819,2020-08-23 20:09:00
646,1598213400000.0,11711.07,11712.0,11704.96,11707.39,24.14559,2020-08-23 20:10:00
647,1598213460000.0,11707.39,11714.87,11706.44,11711.75,155.660453,2020-08-23 20:11:00
648,1598213520000.0,11711.75,11711.75,11705.59,11706.2,36.398134,2020-08-23 20:12:00
649,1598213580000.0,11706.2,11708.0,11702.33,11707.99,34.819344,2020-08-23 20:13:00
650,1598213640000.0,11707.99,11708.0,11697.84,11698.56,20.084514,2020-08-23 20:14:00
651,1598213700000.0,11698.56,11709.98,11698.11,11707.51,21.9497,2020-08-23 20:15:00
652,1598213760000.0,11707.52,11709.47,11702.63,11704.31,15.883038,2020-08-23 20:16:00
653,1598213820000.0,11704.31,11708.4,11701.1,11702.09,18.859815,2020-08-23 20:17:00
654,1598213880000.0,11702.08,11707.36,11701.86,11704.82,19.416431,2020-08-23 20:18:00
655,1598213940000.0,11704.82,11707.99,11702.03,11702.03,14.479255,2020-08-23 20:19:00
656,1598214000000.0,11702.03,11705.56,11700.01,11701.06,16.769571,2020-08-23 20:20:00
657,1598214060000.0,11701.05,11701.84,11695.0,11697.4,30.516701,2020-08-23 20:21:00
658,1598214120000.0,11697.41,11700.0,11691.08,11692.68,28.840683,2020-08-23 20:22:00
659,1598214180000.0,11692.68,11698.05,11690.0,11695.85,22.529383,2020-08-23 20:23:00
660,1598214240000.0,11695.85,11708.4,11693.04,11707.02,35.744512,2020-08-23 20:24:00
661,1598214300000.0,11707.02,11714.82,11705.42,11705.42,37.77523,2020-08-23 20:25:00
662,1598214360000.0,11705.42,11710.7,11705.0,11707.52,23.05267,2020-08-23 20:26:00
663,1598214420000.0,11707.52,11707.94,11705.0,11705.01,15.71135,2020-08-23 20:27:00
664,1598214480000.0,11705.0,11707.16,11702.43,11703.63,10.234593,2020-08-23 20:28:00
665,1598214540000.0,11703.63,11706.72,11700.64,11701.01,12.355053,2020-08-23 20:29:00
666,1598214600000.0,11701.01,11708.98,11701.01,11704.71,37.654858,2020-08-23 20:30:00
667,1598214660000.0,11704.71,11706.22,11692.49,11693.89,40.171147,2020-08-23 20:31:00
668,1598214720000.0,11693.9,11699.16,11692.48,11695.93,20.91938,2020-08-23 20:32:00
669,1598214780000.0,11695.93,11695.94,11691.77,11691.98,13.750003,2020-08-23 20:33:00
670,1598214840000.0,11691.99,11693.05,11686.0,11690.97,17.458422,2020-08-23 20:34:00
671,1598214900000.0,11690.97,11693.1,11685.77,11687.12,18.828775,2020-08-23 20:35:00
672,1598214960000.0,11687.11,11693.77,11684.53,11691.85,23.599265,2020-08-23 20:36:00
673,1598215020000.0,11691.85,11693.09,11690.6,11691.86,7.833523,2020-08-23 20:37:00
674,1598215080000.0,11691.85,11694.7,11691.85,11693.06,15.413675,2020-08-23 20:38:00
675,1598215140000.0,11693.06,11693.06,11684.56,11685.73,27.370427,2020-08-23 20:39:00
676,1598215200000.0,11685.73,11692.36,11685.73,11691.34,11.582738,2020-08-23 20:40:00
677,1598215260000.0,11691.35,11691.35,11687.79,11691.3,23.902361,2020-08-23 20:41:00
678,1598215320000.0,11691.3,11694.05,11690.96,11690.96,24.413508,2020-08-23 20:42:00
679,1598215380000.0,11690.96,11693.69,11686.49,11687.3,18.620933,2020-08-23 20:43:00
680,1598215440000.0,11687.3,11691.24,11687.16,11689.89,21.024673,2020-08-23 20:44:00
681,1598215500000.0,11689.89,11692.28,11688.99,11691.01,13.645244,2020-08-23 20:45:00
682,1598215560000.0,11691.04,11691.7,11686.0,11687.87,12.55612,2020-08-23 20:46:00
683,1598215620000.0,11687.88,11689.87,11686.31,11687.45,8.286376,2020-08-23 20:47:00
684,1598215680000.0,11687.46,11687.61,11685.55,11686.08,9.372557,2020-08-23 20:48:00
685,1598215740000.0,11686.09,11692.03,11686.09,11691.31,9.40211,2020-08-23 20:49:00
686,1598215800000.0,11691.3,11691.41,11688.08,11688.13,18.302247,2020-08-23 20:50:00
687,1598215860000.0,11688.13,11688.15,11684.96,11684.96,16.526869,2020-08-23 20:51:00
688,1598215920000.0,11684.96,11686.75,11684.39,11685.83,7.796547,2020-08-23 20:52:00
689,1598215980000.0,11685.82,11685.83,11685.45,11685.45,9.619245,2020-08-23 20:53:00
690,1598216040000.0,11685.43,11685.43,11676.84,11677.26,19.308747,2020-08-23 20:54:00
691,1598216100000.0,11677.25,11681.32,11676.0,11676.13,27.833985,2020-08-23 20:55:00
692,1598216160000.0,11676.12,11676.12,11670.0,11671.5,27.688319,2020-08-23 20:56:00
693,1598216220000.0,11671.06,11674.67,11670.11,11672.87,15.305976,2020-08-23 20:57:00
694,1598216280000.0,11672.06,11672.99,11670.5,11671.57,8.810408,2020-08-23 20:58:00
695,1598216340000.0,11671.57,11671.57,11664.61,11665.99,15.923669,2020-08-23 20:59:00
696,1598216400000.0,11665.99,11669.99,11665.49,11669.74,18.626056,2020-08-23 21:00:00
697,1598216460000.0,11669.7,11674.49,11669.68,11672.21,20.598268,2020-08-23 21:01:00
698,1598216520000.0,11672.23,11673.18,11671.63,11671.63,11.812827,2020-08-23 21:02:00
699,1598216580000.0,11671.55,11671.56,11668.48,11668.59,26.132769,2020-08-23 21:03:00
700,1598216640000.0,11668.59,11669.51,11660.88,11662.83,25.143833,2020-08-23 21:04:00
701,1598216700000.0,11662.84,11666.36,11662.82,11664.49,26.798428,2020-08-23 21:05:00
702,1598216760000.0,11664.49,11666.33,11663.07,11663.07,21.455687,2020-08-23 21:06:00
703,1598216820000.0,11663.08,11664.27,11662.03,11662.21,21.470695,2020-08-23 21:07:00
704,1598216880000.0,11662.2,11662.21,11659.0,11660.39,33.472594,2020-08-23 21:08:00
705,1598216940000.0,11660.39,11660.92,11659.45,11660.1,17.628531,2020-08-23 21:09:00
706,1598217000000.0,11660.11,11666.9,11660.0,11665.76,22.429645,2020-08-23 21:10:00
707,1598217060000.0,11665.77,11666.97,11663.83,11664.48,11.404193,2020-08-23 21:11:00
708,1598217120000.0,11664.48,11665.01,11662.64,11663.34,17.955071,2020-08-23 21:12:00
709,1598217180000.0,11663.35,11663.94,11661.13,11663.56,11.677761,2020-08-23 21:13:00
710,1598217240000.0,11663.16,11663.49,11660.22,11660.59,9.613227,2020-08-23 21:14:00
711,1598217300000.0,11660.59,11660.59,11653.8,11654.19,22.247928,2020-08-23 21:15:00
712,1598217360000.0,11654.18,11657.47,11653.73,11656.4,8.153133,2020-08-23 21:16:00
713,1598217420000.0,11656.26,11656.56,11654.65,11656.24,8.479356,2020-08-23 21:17:00
714,1598217480000.0,11656.24,11657.0,11652.76,11652.77,42.097236,2020-08-23 21:18:00
715,1598217540000.0,11652.76,11653.0,11650.0,11652.82,22.726196,2020-08-23 21:19:00
716,1598217600000.0,11652.81,11659.47,11652.77,11657.63,65.350291,2020-08-23 21:20:00
717,1598217660000.0,11657.63,11658.92,11653.39,11653.75,35.068882,2020-08-23 21:21:00
718,1598217720000.0,11653.75,11653.75,11650.0,11650.0,75.347079,2020-08-23 21:22:00
719,1598217780000.0,11650.0,11652.41,11646.24,11646.59,50.391465,2020-08-23 21:23:00
720,1598217840000.0,11646.58,11646.59,11643.9,11643.95,14.456195,2020-08-23 21:24:00
721,1598217900000.0,11643.95,11643.95,11639.99,11640.0,19.91943,2020-08-23 21:25:00
722,1598217960000.0,11640.0,11641.55,11639.31,11639.57,11.485317,2020-08-23 21:26:00
723,1598218020000.0,11639.57,11641.35,11638.58,11641.34,15.723764,2020-08-23 21:27:00
724,1598218080000.0,11641.35,11646.52,11641.26,11646.21,25.122221,2020-08-23 21:28:00
725,1598218140000.0,11646.21,11647.59,11643.62,11643.62,54.379282,2020-08-23 21:29:00
726,1598218200000.0,11643.62,11650.34,11642.68,11650.15,38.085983,2020-08-23 21:30:00
727,1598218260000.0,11650.16,11654.18,11650.16,11654.18,15.223444,2020-08-23 21:31:00
728,1598218320000.0,11654.17,11655.41,11654.17,11655.03,14.671441,2020-08-23 21:32:00
729,1598218380000.0,11655.04,11658.88,11653.81,11658.87,13.930117,2020-08-23 21:33:00
730,1598218440000.0,11658.88,11661.88,11658.87,11661.88,15.271952,2020-08-23 21:34:00
731,1598218500000.0,11661.88,11663.63,11660.74,11663.42,14.503998,2020-08-23 21:35:00
732,1598218560000.0,11663.42,11665.23,11661.84,11662.78,19.947667,2020-08-23 21:36:00
733,1598218620000.0,11662.79,11663.36,11660.67,11663.36,9.989063,2020-08-23 21:37:00
734,1598218680000.0,11663.35,11670.0,11663.25,11669.45,17.83932,2020-08-23 21:38:00
735,1598218740000.0,11669.45,11674.86,11669.44,11673.58,14.730614,2020-08-23 21:39:00
736,1598218800000.0,11673.58,11674.86,11673.47,11673.7,11.553384,2020-08-23 21:40:00
737,1598218860000.0,11673.69,11675.75,11668.89,11675.73,15.746577,2020-08-23 21:41:00
738,1598218920000.0,11675.66,11677.65,11671.66,11677.65,40.821699,2020-08-23 21:42:00
739,1598218980000.0,11677.66,11678.82,11676.46,11676.61,12.153718,2020-08-23 21:43:00
740,1598219040000.0,11676.62,11679.82,11674.29,11676.36,22.321187,2020-08-23 21:44:00
741,1598219100000.0,11676.35,11676.35,11670.9,11671.77,16.542119,2020-08-23 21:45:00
742,1598219160000.0,11671.76,11671.79,11667.78,11668.68,12.459692,2020-08-23 21:46:00
743,1598219220000.0,11668.78,11668.87,11663.82,11664.41,15.82239,2020-08-23 21:47:00
744,1598219280000.0,11664.52,11664.87,11663.76,11664.17,14.164592,2020-08-23 21:48:00
745,1598219340000.0,11664.17,11664.27,11658.98,11659.8,16.509879,2020-08-23 21:49:00
746,1598219400000.0,11659.8,11659.81,11651.55,11652.06,13.656457,2020-08-23 21:50:00
747,1598219460000.0,11652.07,11655.47,11650.47,11652.69,29.792362,2020-08-23 21:51:00
748,1598219520000.0,11652.56,11653.71,11652.45,11652.5,8.095517,2020-08-23 21:52:00
749,1598219580000.0,11652.5,11652.9,11649.15,11650.29,14.439411,2020-08-23 21:53:00
750,1598219640000.0,11650.29,11650.29,11647.19,11647.48,5.434254,2020-08-23 21:54:00
751,1598219700000.0,11647.8,11665.0,11647.15,11664.13,25.351071,2020-08-23 21:55:00
752,1598219760000.0,11664.12,11666.31,11664.12,11665.24,9.011218,2020-08-23 21:56:00
753,1598219820000.0,11665.24,11671.02,11665.23,11669.0,9.906647,2020-08-23 21:57:00
754,1598219880000.0,11668.99,11672.2,11668.99,11670.02,13.17658,2020-08-23 21:58:00
755,1598219940000.0,11670.02,11671.02,11669.19,11670.13,10.91029,2020-08-23 21:59:00
756,1598220000000.0,11670.12,11675.24,11669.0,11669.06,46.169365,2020-08-23 22:00:00
757,1598220060000.0,11669.06,11669.28,11665.23,11669.05,29.080461,2020-08-23 22:01:00
758,1598220120000.0,11669.07,11669.82,11666.15,11666.55,7.857501,2020-08-23 22:02:00
759,1598220180000.0,11666.56,11667.88,11666.55,11667.38,8.121025,2020-08-23 22:03:00
760,1598220240000.0,11667.39,11670.26,11667.39,11669.21,10.618611,2020-08-23 22:04:00
761,1598220300000.0,11669.2,11670.4,11667.12,11669.83,13.566383,2020-08-23 22:05:00
762,1598220360000.0,11669.89,11671.5,11669.88,11670.41,6.510156,2020-08-23 22:06:00
763,1598220420000.0,11670.4,11671.47,11670.29,11671.06,5.295226,2020-08-23 22:07:00
764,1598220480000.0,11671.08,11674.0,11671.05,11673.66,11.648742,2020-08-23 22:08:00
765,1598220540000.0,11673.66,11676.51,11673.66,11676.5,18.772714,2020-08-23 22:09:00
766,1598220600000.0,11676.5,11678.92,11674.68,11678.83,26.594249,2020-08-23 22:10:00
767,1598220660000.0,11678.82,11678.96,11675.79,11678.84,15.583648,2020-08-23 22:11:00
768,1598220720000.0,11678.84,11682.26,11678.84,11679.47,29.258562,2020-08-23 22:12:00
769,1598220780000.0,11679.47,11682.79,11677.64,11682.78,28.028546,2020-08-23 22:13:00
770,1598220840000.0,11682.78,11685.45,11681.14,11682.07,19.241742,2020-08-23 22:14:00
771,1598220900000.0,11682.07,11684.37,11679.68,11681.03,26.008595,2020-08-23 22:15:00
772,1598220960000.0,11681.03,11681.12,11669.26,11670.12,27.479972,2020-08-23 22:16:00
773,1598221020000.0,11670.12,11670.12,11664.76,11666.34,58.546878,2020-08-23 22:17:00
774,1598221080000.0,11666.34,11667.05,11664.71,11665.16,40.37699,2020-08-23 22:18:00
775,1598221140000.0,11665.15,11666.01,11664.01,11664.02,8.737879,2020-08-23 22:19:00
776,1598221200000.0,11664.02,11664.02,11655.89,11657.42,23.233802,2020-08-23 22:20:00
777,1598221260000.0,11657.41,11658.28,11657.41,11658.02,8.719551,2020-08-23 22:21:00
778,1598221320000.0,11658.0,11658.19,11655.89,11655.98,12.364256,2020-08-23 22:22:00
779,1598221380000.0,11655.99,11657.39,11651.0,11651.46,15.340734,2020-08-23 22:23:00
780,1598221440000.0,11651.46,11651.88,11650.0,11650.16,19.595661,2020-08-23 22:24:00
781,1598221500000.0,11650.16,11651.74,11648.88,11650.05,29.847041,2020-08-23 22:25:00
782,1598221560000.0,11650.05,11656.15,11647.97,11654.95,23.717586,2020-08-23 22:26:00
783,1598221620000.0,11654.85,11654.85,11652.71,11653.07,5.540886,2020-08-23 22:27:00
784,1598221680000.0,11653.07,11653.5,11651.02,11651.02,14.495269,2020-08-23 22:28:00
785,1598221740000.0,11651.02,11651.03,11647.5,11650.2,11.110951,2020-08-23 22:29:00
786,1598221800000.0,11650.19,11659.07,11649.9,11657.9,17.077004,2020-08-23 22:30:00
787,1598221860000.0,11657.9,11658.12,11648.01,11648.95,18.248473,2020-08-23 22:31:00
788,1598221920000.0,11648.92,11653.93,11648.92,11652.6,18.3231,2020-08-23 22:32:00
789,1598221980000.0,11652.6,11652.66,11648.0,11648.19,22.305851,2020-08-23 22:33:00
790,1598222040000.0,11648.18,11648.19,11641.93,11646.04,51.248934,2020-08-23 22:34:00
791,1598222100000.0,11646.05,11649.08,11646.05,11648.79,23.167658,2020-08-23 22:35:00
792,1598222160000.0,11648.8,11650.95,11643.52,11644.79,32.800049,2020-08-23 22:36:00
793,1598222220000.0,11644.46,11646.78,11640.0,11646.76,39.49833,2020-08-23 22:37:00
794,1598222280000.0,11646.69,11646.71,11643.61,11645.96,14.353966,2020-08-23 22:38:00
795,1598222340000.0,11645.82,11647.51,11645.81,11647.32,7.505953,2020-08-23 22:39:00
796,1598222400000.0,11647.33,11647.33,11640.04,11644.49,27.129966,2020-08-23 22:40:00
797,1598222460000.0,11644.49,11646.33,11642.97,11645.94,10.646141,2020-08-23 22:41:00
798,1598222520000.0,11645.94,11646.34,11644.57,11644.86,12.055615,2020-08-23 22:42:00
799,1598222580000.0,11644.87,11655.34,11644.86,11654.52,24.717109,2020-08-23 22:43:00
800,1598222640000.0,11654.52,11659.34,11654.52,11657.87,12.380259,2020-08-23 22:44:00
801,1598222700000.0,11657.87,11661.87,11650.81,11656.09,27.123401,2020-08-23 22:45:00
802,1598222760000.0,11656.1,11657.39,11651.48,11654.31,29.53805,2020-08-23 22:46:00
803,1598222820000.0,11654.13,11654.13,11648.84,11649.66,24.959658,2020-08-23 22:47:00
804,1598222880000.0,11649.65,11654.24,11649.65,11652.72,22.962147,2020-08-23 22:48:00
805,1598222940000.0,11652.72,11652.72,11647.33,11648.72,15.775556,2020-08-23 22:49:00
806,1598223000000.0,11648.72,11649.5,11646.73,11647.78,13.036012,2020-08-23 22:50:00
807,1598223060000.0,11647.78,11648.79,11646.74,11648.45,6.769003,2020-08-23 22:51:00
808,1598223120000.0,11648.44,11653.8,11645.53,11645.86,11.121423,2020-08-23 22:52:00
809,1598223180000.0,11645.74,11651.04,11645.74,11647.16,9.21608,2020-08-23 22:53:00
810,1598223240000.0,11647.15,11650.6,11645.79,11646.63,13.350901,2020-08-23 22:54:00
811,1598223300000.0,11646.62,11650.88,11645.97,11647.23,23.444981,2020-08-23 22:55:00
812,1598223360000.0,11646.55,11649.96,11645.85,11647.8,19.341323,2020-08-23 22:56:00
813,1598223420000.0,11647.79,11649.97,11647.79,11648.91,7.770332,2020-08-23 22:57:00
814,1598223480000.0,11648.92,11650.0,11648.91,11650.0,9.789477,2020-08-23 22:58:00
815,1598223540000.0,11649.99,11650.0,11646.83,11648.73,17.665931,2020-08-23 22:59:00
816,1598223600000.0,11648.72,11649.96,11647.2,11649.41,11.926312,2020-08-23 23:00:00
817,1598223660000.0,11649.41,11657.11,11649.24,11656.49,19.887353,2020-08-23 23:01:00
818,1598223720000.0,11656.49,11658.67,11656.48,11656.89,6.810465,2020-08-23 23:02:00
819,1598223780000.0,11656.88,11658.68,11655.5,11655.88,20.061466,2020-08-23 23:03:00
820,1598223840000.0,11655.88,11657.69,11654.28,11655.06,34.910164,2020-08-23 23:04:00
821,1598223900000.0,11655.06,11657.69,11654.89,11656.93,14.17677,2020-08-23 23:05:00
822,1598223960000.0,11656.93,11664.41,11656.78,11664.41,17.590177,2020-08-23 23:06:00
823,1598224020000.0,11664.16,11665.57,11660.13,11662.53,17.437553,2020-08-23 23:07:00
824,1598224080000.0,11662.53,11662.53,11658.08,11659.89,7.747869,2020-08-23 23:08:00
825,1598224140000.0,11659.77,11660.45,11653.94,11660.04,77.896275,2020-08-23 23:09:00
826,1598224200000.0,11660.04,11663.01,11658.37,11659.83,26.09042,2020-08-23 23:10:00
827,1598224260000.0,11659.83,11663.0,11657.97,11663.0,27.597395,2020-08-23 23:11:00
828,1598224320000.0,11663.01,11663.89,11657.46,11662.77,26.126553,2020-08-23 23:12:00
829,1598224380000.0,11662.76,11664.64,11659.71,11661.74,9.4761,2020-08-23 23:13:00
830,1598224440000.0,11661.73,11664.08,11660.26,11660.98,11.948902,2020-08-23 23:14:00
831,1598224500000.0,11660.99,11668.5,11660.99,11665.88,15.720598,2020-08-23 23:15:00
832,1598224560000.0,11665.96,11667.47,11665.96,11667.22,8.631811,2020-08-23 23:16:00
833,1598224620000.0,11667.22,11675.57,11667.22,11672.8,33.879663,2020-08-23 23:17:00
834,1598224680000.0,11672.8,11673.68,11667.38,11671.64,24.663909,2020-08-23 23:18:00
835,1598224740000.0,11671.5,11671.64,11667.16,11669.02,13.473428,2020-08-23 23:19:00
836,1598224800000.0,11669.02,11673.83,11667.52,11669.62,16.069074,2020-08-23 23:20:00
837,1598224860000.0,11669.62,11669.74,11667.29,11669.63,5.575458,2020-08-23 23:21:00
838,1598224920000.0,11669.76,11675.46,11669.76,11672.93,18.761818,2020-08-23 23:22:00
839,1598224980000.0,11672.93,11672.93,11670.82,11671.71,7.051337,2020-08-23 23:23:00
840,1598225040000.0,11671.72,11676.46,11670.57,11671.05,15.424728,2020-08-23 23:24:00
841,1598225100000.0,11671.06,11675.05,11667.76,11672.6,42.235734,2020-08-23 23:25:00
842,1598225160000.0,11672.6,11672.6,11667.28,11669.31,29.834717,2020-08-23 23:26:00
843,1598225220000.0,11669.31,11669.56,11665.96,11666.34,23.864418,2020-08-23 23:27:00
844,1598225280000.0,11666.33,11666.85,11664.0,11666.72,22.942385,2020-08-23 23:28:00
845,1598225340000.0,11666.73,11671.82,11659.25,11670.5,54.934967,2020-08-23 23:29:00
846,1598225400000.0,11670.5,11671.8,11669.04,11670.28,9.750328,2020-08-23 23:30:00
847,1598225460000.0,11670.28,11672.1,11667.14,11669.42,20.212585,2020-08-23 23:31:00
848,1598225520000.0,11668.96,11670.69,11667.12,11667.9,15.537617,2020-08-23 23:32:00
849,1598225580000.0,11667.9,11669.9,11667.04,11668.11,13.339482,2020-08-23 23:33:00
850,1598225640000.0,11668.11,11672.04,11668.11,11671.3,10.109355,2020-08-23 23:34:00
851,1598225700000.0,11671.29,11674.58,11671.14,11674.49,9.428642,2020-08-23 23:35:00
852,1598225760000.0,11674.5,11674.5,11670.43,11672.7,14.969546,2020-08-23 23:36:00
853,1598225820000.0,11672.7,11676.41,11670.99,11675.2,62.796121,2020-08-23 23:37:00
854,1598225880000.0,11675.2,11678.7,11675.2,11675.58,9.491393,2020-08-23 23:38:00
855,1598225940000.0,11675.79,11676.27,11673.77,11675.19,14.636876,2020-08-23 23:39:00
856,1598226000000.0,11675.19,11676.26,11670.3,11672.28,28.656307,2020-08-23 23:40:00
857,1598226060000.0,11672.16,11672.16,11665.33,11668.15,26.537807,2020-08-23 23:41:00
858,1598226120000.0,11668.15,11669.11,11664.97,11668.35,15.789694,2020-08-23 23:42:00
859,1598226180000.0,11668.35,11670.69,11668.35,11670.17,5.837546,2020-08-23 23:43:00
860,1598226240000.0,11670.17,11670.18,11662.85,11663.05,20.79531,2020-08-23 23:44:00
861,1598226300000.0,11663.06,11666.42,11661.62,11662.23,17.878984,2020-08-23 23:45:00
862,1598226360000.0,11662.23,11663.13,11658.38,11659.45,8.67953,2020-08-23 23:46:00
863,1598226420000.0,11659.43,11660.42,11655.79,11655.79,11.547632,2020-08-23 23:47:00
864,1598226480000.0,11655.79,11659.5,11651.96,11657.33,16.429705,2020-08-23 23:48:00
865,1598226540000.0,11657.34,11657.47,11654.89,11655.44,9.382553,2020-08-23 23:49:00
866,1598226600000.0,11655.45,11657.48,11653.03,11657.48,14.986145,2020-08-23 23:50:00
867,1598226660000.0,11657.47,11657.48,11653.18,11655.9,10.194823,2020-08-23 23:51:00
868,1598226720000.0,11655.9,11655.91,11650.95,11653.95,21.986603,2020-08-23 23:52:00
869,1598226780000.0,11653.94,11653.94,11651.31,11651.96,9.327253,2020-08-23 23:53:00
870,1598226840000.0,11651.95,11654.81,11651.14,11653.48,10.867987,2020-08-23 23:54:00
871,1598226900000.0,11653.48,11654.16,11651.11,11654.04,10.840099,2020-08-23 23:55:00
872,1598226960000.0,11654.03,11654.53,11647.39,11648.08,32.268421,2020-08-23 23:56:00
873,1598227020000.0,11648.07,11648.08,11643.86,11645.85,16.584236,2020-08-23 23:57:00
874,1598227080000.0,11645.84,11649.15,11644.45,11648.3,23.936935,2020-08-23 23:58:00
875,1598227140000.0,11648.3,11648.3,11646.38,11648.13,12.64941,2020-08-23 23:59:00
876,1598227200000.0,11648.12,11650.68,11648.12,11648.13,22.9087,2020-08-24 00:00:00
877,1598227260000.0,11648.14,11650.67,11643.42,11644.79,31.029773,2020-08-24 00:01:00
878,1598227320000.0,11644.79,11644.79,11631.25,11633.4,84.444064,2020-08-24 00:02:00
879,1598227380000.0,11633.41,11635.22,11630.0,11630.0,119.266536,2020-08-24 00:03:00
880,1598227440000.0,11630.0,11632.41,11628.05,11628.06,48.945784,2020-08-24 00:04:00
881,1598227500000.0,11628.05,11630.0,11624.26,11628.79,50.771261,2020-08-24 00:05:00
882,1598227560000.0,11628.8,11629.54,11609.38,11612.44,166.829057,2020-08-24 00:06:00
883,1598227620000.0,11612.43,11613.25,11606.64,11610.18,68.950925,2020-08-24 00:07:00
884,1598227680000.0,11610.28,11618.93,11609.31,11616.24,115.585604,2020-08-24 00:08:00
885,1598227740000.0,11616.24,11618.27,11607.75,11609.36,64.610124,2020-08-24 00:09:00
886,1598227800000.0,11609.35,11617.34,11606.0,11616.1,32.024521,2020-08-24 00:10:00
887,1598227860000.0,11616.1,11616.1,11612.17,11613.68,21.538849,2020-08-24 00:11:00
888,1598227920000.0,11613.69,11614.22,11606.18,11608.04,53.613351,2020-08-24 00:12:00
889,1598227980000.0,11608.04,11609.83,11608.04,11608.92,18.98779,2020-08-24 00:13:00
890,1598228040000.0,11608.92,11613.99,11599.0,11600.32,97.238485,2020-08-24 00:14:00
891,1598228100000.0,11600.71,11605.26,11598.16,11599.49,37.680919,2020-08-24 00:15:00
892,1598228160000.0,11599.38,11599.38,11591.02,11591.9,56.488281,2020-08-24 00:16:00
893,1598228220000.0,11591.9,11594.93,11585.09,11591.51,92.898405,2020-08-24 00:17:00
894,1598228280000.0,11591.5,11606.88,11591.5,11603.59,65.915673,2020-08-24 00:18:00
895,1598228340000.0,11603.59,11605.65,11603.0,11605.1,31.235097,2020-08-24 00:19:00
896,1598228400000.0,11605.1,11606.89,11604.3,11606.18,20.050586,2020-08-24 00:20:00
897,1598228460000.0,11606.17,11617.4,11606.17,11611.58,59.593414,2020-08-24 00:21:00
898,1598228520000.0,11611.57,11624.39,11611.57,11620.03,43.393684,2020-08-24 00:22:00
899,1598228580000.0,11620.04,11624.98,11618.18,11620.49,34.180511,2020-08-24 00:23:00
900,1598228640000.0,11620.49,11623.12,11616.09,11616.55,19.706776,2020-08-24 00:24:00
901,1598228700000.0,11616.55,11623.44,11616.18,11621.35,28.241349,2020-08-24 00:25:00
902,1598228760000.0,11621.34,11621.35,11616.67,11617.59,14.420729,2020-08-24 00:26:00
903,1598228820000.0,11617.6,11617.84,11612.03,11612.69,22.794117,2020-08-24 00:27:00
904,1598228880000.0,11612.69,11619.64,11612.69,11618.96,30.08003,2020-08-24 00:28:00
905,1598228940000.0,11618.96,11627.07,11618.96,11622.87,26.954266,2020-08-24 00:29:00
906,1598229000000.0,11622.87,11627.63,11622.87,11627.56,26.26259,2020-08-24 00:30:00
907,1598229060000.0,11627.5,11627.94,11621.43,11625.8,45.973987,2020-08-24 00:31:00
908,1598229120000.0,11625.79,11625.8,11616.19,11617.6,22.792441,2020-08-24 00:32:00
909,1598229180000.0,11617.6,11619.97,11617.39,11619.13,17.764521,2020-08-24 00:33:00
910,1598229240000.0,11619.05,11620.58,11618.24,11620.57,18.559004,2020-08-24 00:34:00
911,1598229300000.0,11620.69,11625.73,11618.0,11623.8,21.794933,2020-08-24 00:35:00
912,1598229360000.0,11623.8,11623.8,11620.73,11622.51,11.445229,2020-08-24 00:36:00
913,1598229420000.0,11622.52,11624.72,11620.93,11624.08,8.838114,2020-08-24 00:37:00
914,1598229480000.0,11624.09,11628.66,11624.08,11627.14,29.870334,2020-08-24 00:38:00
915,1598229540000.0,11627.75,11628.58,11625.41,11628.13,10.879028,2020-08-24 00:39:00
916,1598229600000.0,11628.14,11628.14,11615.74,11621.42,54.386688,2020-08-24 00:40:00
917,1598229660000.0,11621.55,11621.55,11615.03,11615.04,25.310926,2020-08-24 00:41:00
918,1598229720000.0,11615.17,11622.72,11615.17,11621.04,25.99176,2020-08-24 00:42:00
919,1598229780000.0,11621.03,11621.04,11615.0,11615.08,27.597907,2020-08-24 00:43:00
920,1598229840000.0,11615.09,11618.73,11615.08,11615.86,8.119698,2020-08-24 00:44:00
921,1598229900000.0,11615.54,11618.52,11615.0,11616.69,24.926527,2020-08-24 00:45:00
922,1598229960000.0,11616.68,11619.76,11615.46,11615.47,24.061639,2020-08-24 00:46:00
923,1598230020000.0,11615.47,11620.84,11615.0,11620.48,19.716159,2020-08-24 00:47:00
924,1598230080000.0,11620.48,11624.75,11620.48,11622.16,21.546195,2020-08-24 00:48:00
925,1598230140000.0,11622.06,11624.22,11618.93,11621.07,19.808989,2020-08-24 00:49:00
926,1598230200000.0,11621.06,11627.49,11621.06,11625.82,13.136748,2020-08-24 00:50:00
927,1598230260000.0,11625.82,11632.1,11624.41,11628.6,44.437888,2020-08-24 00:51:00
928,1598230320000.0,11628.61,11629.08,11628.14,11628.14,17.803116,2020-08-24 00:52:00
929,1598230380000.0,11628.14,11631.18,11628.14,11631.1,17.538363,2020-08-24 00:53:00
930,1598230440000.0,11631.1,11638.48,11631.1,11636.84,45.734527,2020-08-24 00:54:00
931,1598230500000.0,11636.84,11637.97,11633.06,11633.06,25.399903,2020-08-24 00:55:00
932,1598230560000.0,11633.06,11634.95,11631.8,11634.94,30.799032,2020-08-24 00:56:00
933,1598230620000.0,11634.94,11638.64,11631.78,11632.73,25.138871,2020-08-24 00:57:00
934,1598230680000.0,11632.73,11635.03,11629.89,11632.02,23.309462,2020-08-24 00:58:00
935,1598230740000.0,11632.01,11632.01,11627.3,11629.95,21.598254,2020-08-24 00:59:00
936,1598230800000.0,11629.94,11632.21,11623.34,11623.38,58.374256,2020-08-24 01:00:00
937,1598230860000.0,11623.38,11628.21,11621.29,11625.34,67.528567,2020-08-24 01:01:00
938,1598230920000.0,11625.51,11625.51,11619.54,11622.48,17.027323,2020-08-24 01:02:00
939,1598230980000.0,11622.48,11626.27,11620.56,11622.36,16.283348,2020-08-24 01:03:00
940,1598231040000.0,11622.36,11625.09,11620.7,11621.08,11.822905,2020-08-24 01:04:00
941,1598231100000.0,11621.08,11624.0,11620.83,11622.45,13.569492,2020-08-24 01:05:00
942,1598231160000.0,11622.45,11623.63,11620.84,11621.08,22.175599,2020-08-24 01:06:00
943,1598231220000.0,11621.08,11622.92,11620.86,11620.86,15.928196,2020-08-24 01:07:00
944,1598231280000.0,11620.87,11620.87,11614.12,11614.39,20.33333,2020-08-24 01:08:00
945,1598231340000.0,11614.39,11614.39,11605.98,11608.65,51.718658,2020-08-24 01:09:00
946,1598231400000.0,11608.64,11608.64,11603.82,11607.39,56.255282,2020-08-24 01:10:00
947,1598231460000.0,11607.4,11607.46,11603.99,11607.25,26.363079,2020-08-24 01:11:00
948,1598231520000.0,11607.24,11607.48,11601.81,11602.99,86.692582,2020-08-24 01:12:00
949,1598231580000.0,11603.22,11605.47,11602.54,11603.58,13.097086,2020-08-24 01:13:00
950,1598231640000.0,11603.57,11605.0,11603.57,11604.85,18.71397,2020-08-24 01:14:00
951,1598231700000.0,11604.85,11610.0,11604.84,11609.27,20.328394,2020-08-24 01:15:00
952,1598231760000.0,11609.28,11613.75,11609.05,11611.46,29.664967,2020-08-24 01:16:00
953,1598231820000.0,11611.47,11612.06,11604.4,11607.8,30.67909,2020-08-24 01:17:00
954,1598231880000.0,11607.79,11608.57,11606.86,11607.51,16.443154,2020-08-24 01:18:00
955,1598231940000.0,11607.49,11610.21,11604.25,11609.69,29.828895,2020-08-24 01:19:00
956,1598232000000.0,11609.7,11609.7,11606.15,11606.16,22.155556,2020-08-24 01:20:00
957,1598232060000.0,11606.15,11608.86,11606.15,11607.79,14.643248,2020-08-24 01:21:00
958,1598232120000.0,11607.78,11611.47,11607.08,11610.02,37.00274,2020-08-24 01:22:00
959,1598232180000.0,11610.02,11613.96,11608.53,11610.48,29.975401,2020-08-24 01:23:00
960,1598232240000.0,11610.48,11615.95,11610.48,11614.11,14.386015,2020-08-24 01:24:00
961,1598232300000.0,11614.1,11616.96,11611.52,11616.31,23.844436,2020-08-24 01:25:00
962,1598232360000.0,11616.08,11617.8,11614.14,11617.79,17.428764,2020-08-24 01:26:00
963,1598232420000.0,11617.79,11620.69,11616.0,11620.69,11.245325,2020-08-24 01:27:00
964,1598232480000.0,11620.68,11622.63,11616.84,11621.15,30.170459,2020-08-24 01:28:00
965,1598232540000.0,11621.15,11622.69,11619.6,11620.34,15.26827,2020-08-24 01:29:00
966,1598232600000.0,11620.34,11623.38,11620.1,11623.37,32.293935,2020-08-24 01:30:00
967,1598232660000.0,11623.37,11624.59,11620.94,11621.8,26.46743,2020-08-24 01:31:00
968,1598232720000.0,11621.8,11622.89,11619.99,11622.86,18.989627,2020-08-24 01:32:00
969,1598232780000.0,11622.87,11630.05,11622.86,11630.05,36.317125,2020-08-24 01:33:00
970,1598232840000.0,11630.05,11630.32,11624.46,11627.04,31.890558,2020-08-24 01:34:00
971,1598232900000.0,11627.04,11628.76,11626.37,11627.2,11.579463,2020-08-24 01:35:00
972,1598232960000.0,11627.2,11627.33,11624.87,11624.87,11.249512,2020-08-24 01:36:00
973,1598233020000.0,11625.0,11625.0,11622.94,11624.36,16.835044,2020-08-24 01:37:00
974,1598233080000.0,11624.37,11625.49,11620.27,11624.14,15.557341,2020-08-24 01:38:00
975,1598233140000.0,11624.14,11624.95,11622.38,11624.95,8.457073,2020-08-24 01:39:00
976,1598233200000.0,11624.37,11626.54,11624.37,11626.09,8.068317,2020-08-24 01:40:00
977,1598233260000.0,11626.1,11626.1,11620.71,11622.11,41.219447,2020-08-24 01:41:00
978,1598233320000.0,11622.5,11623.46,11620.9,11621.02,6.437069,2020-08-24 01:42:00
979,1598233380000.0,11621.03,11625.14,11618.95,11619.71,24.809717,2020-08-24 01:43:00
980,1598233440000.0,11619.71,11622.3,11619.71,11622.19,12.660296,2020-08-24 01:44:00
981,1598233500000.0,11622.18,11627.45,11612.79,11621.12,93.575662,2020-08-24 01:45:00
982,1598233560000.0,11621.12,11626.59,11621.11,11625.68,44.429235,2020-08-24 01:46:00
983,1598233620000.0,11625.68,11625.68,11620.78,11623.36,22.707699,2020-08-24 01:47:00
984,1598233680000.0,11623.36,11628.76,11622.8,11627.0,26.737395,2020-08-24 01:48:00
985,1598233740000.0,11627.0,11630.0,11623.99,11629.99,14.892574,2020-08-24 01:49:00
986,1598233800000.0,11629.99,11631.52,11628.81,11631.29,15.255419,2020-08-24 01:50:00
987,1598233860000.0,11631.3,11631.51,11630.78,11631.08,10.166952,2020-08-24 01:51:00
988,1598233920000.0,11631.07,11631.3,11629.03,11629.78,23.025184,2020-08-24 01:52:00
989,1598233980000.0,11629.77,11629.79,11627.77,11629.77,19.11733,2020-08-24 01:53:00
990,1598234040000.0,11629.77,11634.84,11629.76,11634.81,17.386676,2020-08-24 01:54:00
991,1598234100000.0,11634.81,11634.82,11629.33,11632.09,30.260837,2020-08-24 01:55:00
992,1598234160000.0,11632.1,11633.45,11632.09,11633.21,14.064475,2020-08-24 01:56:00
993,1598234220000.0,11633.21,11636.63,11632.22,11634.05,37.382728,2020-08-24 01:57:00
994,1598234280000.0,11634.05,11634.57,11631.17,11631.31,30.153577,2020-08-24 01:58:00
995,1598234340000.0,11631.63,11636.51,11631.63,11635.82,59.337972,2020-08-24 01:59:00
996,1598234400000.0,11635.82,11639.59,11635.31,11637.16,44.398626,2020-08-24 02:00:00
997,1598234460000.0,11637.16,11638.05,11635.06,11636.22,32.418569,2020-08-24 02:01:00
998,1598234520000.0,11636.22,11637.97,11635.44,11637.97,12.92994,2020-08-24 02:02:00
999,1598234580000.0,11637.96,11638.0,11637.96,11638.0,0.017027,2020-08-24 02:03:00
